Patient-level Variables,Visit-level Variables,,,,,,,,,,,,,,,,,,,,,,,,,,,,,,,,,,,,,,,,,,,,,,,,,,,,,,,,,,,,,,,,,,,,,,,,,,,,,,,,,,,,,,,,,,,,,,,,,,,,,,,,,,,,,,,,,,,,,,,,,,,,,,,,,,,,,,,,,,,,,,,,,,,,,,,,,,,,,,,,,,,,,,,,,,,,,,,,,,,,,,,,,,,,,,,,,,,,,,,,,,,,,,,,,,,,,,,,,,,,,,,,,,,,,,,,,,,,,,,,,,,,,,,,,,,,,,,,,,,,,,,,,,,,,,,,,,,,,,,,,,,,,,,,,,,,,,,,,,,,,,,,,,,,,,,,,,,,,,,,,,,,,,,,,,,,,,,,,,,,,,,,,,,,,,,,,,,,,,,,,,,,,,,,,,,,,,,,,,,,,,,,,,,,,,,,,,,,,,,,,,,,,,,,,
N/A,VisitType,NCIT:C39564,umlscui:C1512346,SCTID:103324002,,,,,,,,,,,,,,,,,,,,,,,,,,,,,,,,,,,,,,,,,,,,,,,,,,,,,,,,,,,,,,,,,,,,,,,,,,,,,,,,,,,,,,,,,,,,,,,,,,,,,,,,,,,,,,,,,,,,,,,,,,,,,,,,,,,,,,,,,,,,,,,,,,,,,,,,,,,,,,,,,,,,,,,,,,,,,,,,,,,,,,,,,,,,,,,,,,,,,,,,,,,,,,,,,,,,,,,,,,,,,,,,,,,,,,,,,,,,,,,,,,,,,,,,,,,,,,,,,,,,,,,,,,,,,,,,,,,,,,,,,,,,,,,,,,,,,,,,,,,,,,,,,,,,,,,,,,,,,,,,,,,,,,,,,,,,,,,,,,,,,,,,,,,,,,,,,,,,,,,,,,,,,,,,,,,,,,,,,,,,,,,,,,,,,,,,,,,,,,,,,,,,,,
TotalEDInpatientVisits,N/A,NCIT:C53513,umlscui:C0562508,NCIT:C150760,NCIT:C68605,umlscui:C2348993,SCTID:103324002,,,,,,,,,,,,,,,,,,,,,,,,,,,,,,,,,,,,,,,,,,,,,,,,,,,,,,,,,,,,,,,,,,,,,,,,,,,,,,,,,,,,,,,,,,,,,,,,,,,,,,,,,,,,,,,,,,,,,,,,,,,,,,,,,,,,,,,,,,,,,,,,,,,,,,,,,,,,,,,,,,,,,,,,,,,,,,,,,,,,,,,,,,,,,,,,,,,,,,,,,,,,,,,,,,,,,,,,,,,,,,,,,,,,,,,,,,,,,,,,,,,,,,,,,,,,,,,,,,,,,,,,,,,,,,,,,,,,,,,,,,,,,,,,,,,,,,,,,,,,,,,,,,,,,,,,,,,,,,,,,,,,,,,,,,,,,,,,,,,,,,,,,,,,,,,,,,,,,,,,,,,,,,,,,,,,,,,,,,,,,,,,,,,,,,,,,,,,,,,,,,,
AgeStudyStart,AgeVisit,NCIT:C25150,umlscui:C0001779,NCIT:C69217,umlscui:C2348002,NCIT:C37908,umlscui:C1510829,SCTID:424144002,SCTID:397669002,,,,,,,,,,,,,,,,,,,,,,,,,,,,,,,,,,,,,,,,,,,,,,,,,,,,,,,,,,,,,,,,,,,,,,,,,,,,,,,,,,,,,,,,,,,,,,,,,,,,,,,,,,,,,,,,,,,,,,,,,,,,,,,,,,,,,,,,,,,,,,,,,,,,,,,,,,,,,,,,,,,,,,,,,,,,,,,,,,,,,,,,,,,,,,,,,,,,,,,,,,,,,,,,,,,,,,,,,,,,,,,,,,,,,,,,,,,,,,,,,,,,,,,,,,,,,,,,,,,,,,,,,,,,,,,,,,,,,,,,,,,,,,,,,,,,,,,,,,,,,,,,,,,,,,,,,,,,,,,,,,,,,,,,,,,,,,,,,,,,,,,,,,,,,,,,,,,,,,,,,,,,,,,,,,,,,,,,,,,,,,,,,,,,,,,,,,,,,,,,,
Sex,Sex,NCIT:C28421,umlscui:C1522384,NCIT:C93992,umlscui:C2986190,SCTID:734000001,,,,,,,,,,,,,,,,,,,,,,,,,,,,,,,,,,,,,,,,,,,,,,,,,,,,,,,,,,,,,,,,,,,,,,,,,,,,,,,,,,,,,,,,,,,,,,,,,,,,,,,,,,,,,,,,,,,,,,,,,,,,,,,,,,,,,,,,,,,,,,,,,,,,,,,,,,,,,,,,,,,,,,,,,,,,,,,,,,,,,,,,,,,,,,,,,,,,,,,,,,,,,,,,,,,,,,,,,,,,,,,,,,,,,,,,,,,,,,,,,,,,,,,,,,,,,,,,,,,,,,,,,,,,,,,,,,,,,,,,,,,,,,,,,,,,,,,,,,,,,,,,,,,,,,,,,,,,,,,,,,,,,,,,,,,,,,,,,,,,,,,,,,,,,,,,,,,,,,,,,,,,,,,,,,,,,,,,,,,,,,,,,,,,,,,,,,,,,,,,,,,,
Race,Race,NCIT:C17049,umlscui:C0034510,NCIT:C93992,umlscui:C2986190,SCTID:103579009,,,,,,,,,,,,,,,,,,,,,,,,,,,,,,,,,,,,,,,,,,,,,,,,,,,,,,,,,,,,,,,,,,,,,,,,,,,,,,,,,,,,,,,,,,,,,,,,,,,,,,,,,,,,,,,,,,,,,,,,,,,,,,,,,,,,,,,,,,,,,,,,,,,,,,,,,,,,,,,,,,,,,,,,,,,,,,,,,,,,,,,,,,,,,,,,,,,,,,,,,,,,,,,,,,,,,,,,,,,,,,,,,,,,,,,,,,,,,,,,,,,,,,,,,,,,,,,,,,,,,,,,,,,,,,,,,,,,,,,,,,,,,,,,,,,,,,,,,,,,,,,,,,,,,,,,,,,,,,,,,,,,,,,,,,,,,,,,,,,,,,,,,,,,,,,,,,,,,,,,,,,,,,,,,,,,,,,,,,,,,,,,,,,,,,,,,,,,,,,,,,,,
Ethnicity,Ethnicity,NCIT:C29933,NCIT:C16564 ,umlscui:C0015031,SCTID:186034007,,,,,,,,,,,,,,,,,,,,,,,,,,,,,,,,,,,,,,,,,,,,,,,,,,,,,,,,,,,,,,,,,,,,,,,,,,,,,,,,,,,,,,,,,,,,,,,,,,,,,,,,,,,,,,,,,,,,,,,,,,,,,,,,,,,,,,,,,,,,,,,,,,,,,,,,,,,,,,,,,,,,,,,,,,,,,,,,,,,,,,,,,,,,,,,,,,,,,,,,,,,,,,,,,,,,,,,,,,,,,,,,,,,,,,,,,,,,,,,,,,,,,,,,,,,,,,,,,,,,,,,,,,,,,,,,,,,,,,,,,,,,,,,,,,,,,,,,,,,,,,,,,,,,,,,,,,,,,,,,,,,,,,,,,,,,,,,,,,,,,,,,,,,,,,,,,,,,,,,,,,,,,,,,,,,,,,,,,,,,,,,,,,,,,,,,,,,,,,,,,,,,,
AsthmaDx,AsthmaDxVisit,MONDO:0004766,MONDO:0004979,MONDO:0008834,MONDO:0008835,MONDO:0010940,MONDO:0011805,MONDO:0012067,MONDO:0012379,MONDO:0012577,MONDO:0012607,MONDO:0012666,MONDO:0012771,MONDO:0013180,SCTID:10742121000119104,SCTID:11641008,SCTID:11944003,SCTID:13151001,SCTID:18041002,SCTID:195967001,SCTID:195977004,SCTID:19849005,SCTID:225057002,SCTID:23315001,SCTID:233678006,SCTID:233679003,SCTID:233683003,SCTID:233687002,SCTID:233690008,SCTID:266361008,SCTID:281239006,SCTID:29422001,SCTID:304527002,SCTID:34015007,SCTID:367542003,SCTID:370218001,SCTID:370219009,SCTID:370220003,SCTID:370221004,SCTID:389145006,SCTID:404804003,SCTID:404806001,SCTID:405944004,SCTID:407674008,SCTID:409663006,SCTID:41553006,SCTID:418395004,SCTID:424643009,SCTID:427603009,SCTID:445427006,SCTID:56968009,SCTID:57607007,SCTID:61233003,SCTID:707444001,SCTID:708038006,SCTID:71892000,SCTID:72301000119103,SCTID:733858005,SCTID:85761009,SCTID:93432008,HP:0002099,NCIT:C28397,umlscui:C0004096,,,,,,,,,,,,,,,,,,,,,,,,,,,,,,,,,,,,,,,,,,,,,,,,,,,,,,,,,,,,,,,,,,,,,,,,,,,,,,,,,,,,,,,,,,,,,,,,,,,,,,,,,,,,,,,,,,,,,,,,,,,,,,,,,,,,,,,,,,,,,,,,,,,,,,,,,,,,,,,,,,,,,,,,,,,,,,,,,,,,,,,,,,,,,,,,,,,,,,,,,,,,,,,,,,,,,,,,,,,,,,,,,,,,,,,,,,,,,,,,,,,,,,,,,,,,,,,,,,,,,,,,,,,,,,,,,,,,,,,,,,,,,,,,,,,,,,,,,,,,,,,,,,,,,,,,,,,,,,,,,,,,,,,,,,,,,,,,,,,,,,,,,,,
CroupDx,CroupDxVisit,MONDO:0005722,MONDO:0018597,SCTID:195714005,SCTID:22951000119104,SCTID:232428009,SCTID:232430006,SCTID:53926002,SCTID:71186008,NCIT:C26735,umlscui:C0010380,,,,,,,,,,,,,,,,,,,,,,,,,,,,,,,,,,,,,,,,,,,,,,,,,,,,,,,,,,,,,,,,,,,,,,,,,,,,,,,,,,,,,,,,,,,,,,,,,,,,,,,,,,,,,,,,,,,,,,,,,,,,,,,,,,,,,,,,,,,,,,,,,,,,,,,,,,,,,,,,,,,,,,,,,,,,,,,,,,,,,,,,,,,,,,,,,,,,,,,,,,,,,,,,,,,,,,,,,,,,,,,,,,,,,,,,,,,,,,,,,,,,,,,,,,,,,,,,,,,,,,,,,,,,,,,,,,,,,,,,,,,,,,,,,,,,,,,,,,,,,,,,,,,,,,,,,,,,,,,,,,,,,,,,,,,,,,,,,,,,,,,,,,,,,,,,,,,,,,,,,,,,,,,,,,,,,,,,,,,,,,,,,,,,,,,,,,,,,,,
ReactiveAirwayDx,ReactiveAirwayDxVisit,SCTID:991000119106,SCTID:371088008,HP:0002099,NCIT:C113673,umlscui: C3714497,,,,,,,,,,,,,,,,,,,,,,,,,,,,,,,,,,,,,,,,,,,,,,,,,,,,,,,,,,,,,,,,,,,,,,,,,,,,,,,,,,,,,,,,,,,,,,,,,,,,,,,,,,,,,,,,,,,,,,,,,,,,,,,,,,,,,,,,,,,,,,,,,,,,,,,,,,,,,,,,,,,,,,,,,,,,,,,,,,,,,,,,,,,,,,,,,,,,,,,,,,,,,,,,,,,,,,,,,,,,,,,,,,,,,,,,,,,,,,,,,,,,,,,,,,,,,,,,,,,,,,,,,,,,,,,,,,,,,,,,,,,,,,,,,,,,,,,,,,,,,,,,,,,,,,,,,,,,,,,,,,,,,,,,,,,,,,,,,,,,,,,,,,,,,,,,,,,,,,,,,,,,,,,,,,,,,,,,,,,,,,,,,,,,,,,,,,,,,,,,,,,,
CoughDx,CoughDxVisit,MONDO:000149,SCTID:11641008,SCTID:208136003,SCTID:27836007,SCTID:409663006,SCTID:418122003,SCTID:445241004,SCTID:46802002,SCTID:59786004,SCTID:90129003,HP:0002105,HP:0012735,NCIT:C37935,umlscuoi:C0010200,,,,,,,,,,,,,,,,,,,,,,,,,,,,,,,,,,,,,,,,,,,,,,,,,,,,,,,,,,,,,,,,,,,,,,,,,,,,,,,,,,,,,,,,,,,,,,,,,,,,,,,,,,,,,,,,,,,,,,,,,,,,,,,,,,,,,,,,,,,,,,,,,,,,,,,,,,,,,,,,,,,,,,,,,,,,,,,,,,,,,,,,,,,,,,,,,,,,,,,,,,,,,,,,,,,,,,,,,,,,,,,,,,,,,,,,,,,,,,,,,,,,,,,,,,,,,,,,,,,,,,,,,,,,,,,,,,,,,,,,,,,,,,,,,,,,,,,,,,,,,,,,,,,,,,,,,,,,,,,,,,,,,,,,,,,,,,,,,,,,,,,,,,,,,,,,,,,,,,,,,,,,,,,,,,,,,,,,,,,,,,,,,,,,,,,,,,,
PneumoniaDx,PneumoniaDxVisit,MONDO:0000265,MONDO:0004649,MONDO:0004652,MONDO:0005114,MONDO:0005249,MONDO:0005749,MONDO:0005826,MONDO:0005867,MONDO:0005972,MONDO:0009887,MONDO:0024973,MONDO:0025159,MONDO:0025453,MONDO:0025598,MONDO:0030602,MONDO:0041850,MONDO:0041879,MONDO:0043919,SCTID:102361000119104,SCTID:1087061000119106,SCTID:1092361000119109,SCTID:111900000,SCTID:123590007,SCTID:123591006,SCTID:123595002,SCTID:191727003,SCTID:195888009,SCTID:195889001,SCTID:195900001,SCTID:195902009,SCTID:195909000,SCTID:195911009,SCTID:22343003,SCTID:233604007,SCTID:233606009,SCTID:233607000,SCTID:233609002,SCTID:233613009,SCTID:233617005,SCTID:233619008,SCTID:233621003,SCTID:233625007,SCTID:233728004,SCTID:233730002,SCTID:233731003,SCTID:240635003,SCTID:2523007,SCTID:278516003,SCTID:300999006,SCTID:301000005,SCTID:301001009,SCTID:312342009,SCTID:32286006,SCTID:3487004,SCTID:367542003,SCTID:371072008,SCTID:396285007,SCTID:407671000,SCTID:41207000,SCTID:41381004,SCTID:416916004,SCTID:422588002,SCTID:425464007,SCTID:426696003,SCTID:45312009,SCTID:45556008,SCTID:46207001,SCTID:46970008,SCTID:471272001,SCTID:50804000,SCTID:53084003,SCTID:5505005,SCTID:57702005,SCTID:59475000,SCTID:64667001,SCTID:68409003,SCTID:699014000,SCTID:7063008,SCTID:71926009,SCTID:7548000,SCTID:75570004,SCTID:76090006,SCTID:78895009,SCTID:80003002,SCTID:81164001,SCTID:85469005,SCTID:88687001,HP:0002090,HP:0006532,MONDO:0041879,MONDO:0043919,NCIT:C3333,umlscui:C0032285,,,,,,,,,,,,,,,,,,,,,,,,,,,,,,,,,,,,,,,,,,,,,,,,,,,,,,,,,,,,,,,,,,,,,,,,,,,,,,,,,,,,,,,,,,,,,,,,,,,,,,,,,,,,,,,,,,,,,,,,,,,,,,,,,,,,,,,,,,,,,,,,,,,,,,,,,,,,,,,,,,,,,,,,,,,,,,,,,,,,,,,,,,,,,,,,,,,,,,,,,,,,,,,,,,,,,,,,,,,,,,,,,,,,,,,,,,,,,,,,,,,,,,,,,,,,,,,,,,,,,,,,,,,,,,,,,,,,,,,,,,,,,,,,,,,,,,,,,,,,,,,,,,,,,,,,,,,,
ObesityDx,ObesityDxVisit,MONDO:0008300,MONDO:0009763,MONDO:0010961,MONDO:0011122,MONDO:0011419,MONDO:0012335,MONDO:0013267,MONDO:0013483,MONDO:0013991,MONDO:0013992,MONDO:0014309,MONDO:0015825,MONDO:0018244,MONDO:0019115,MONDO:0019506,MONDO:0044272,MONDO:0044283,SCTID:111036000,SCTID:190965006,SCTID:238132000,SCTID:238133005,SCTID:238134004,SCTID:238136002,SCTID:248311001,SCTID:248312008,SCTID:270486005,SCTID:290439001,SCTID:292464007,SCTID:294493008,SCTID:295509007,SCTID:296526005,SCTID:297500005,SCTID:298464002,SCTID:360566006,SCTID:363247006,SCTID:414438005,SCTID:414916001,SCTID:414918000,SCTID:414919008,SCTID:415530009,SCTID:444862003,SCTID:44772007,SCTID:5036006,SCTID:53146006,SCTID:722596001,SCTID:82793005,SCTID:83911000119104,HP:0001513,HP:0025499,HP:0025500,HP:0025501,MONDO:0044283,NCIT: C3283,umlscui:C0028754,,,,,,,,,,,,,,,,,,,,,,,,,,,,,,,,,,,,,,,,,,,,,,,,,,,,,,,,,,,,,,,,,,,,,,,,,,,,,,,,,,,,,,,,,,,,,,,,,,,,,,,,,,,,,,,,,,,,,,,,,,,,,,,,,,,,,,,,,,,,,,,,,,,,,,,,,,,,,,,,,,,,,,,,,,,,,,,,,,,,,,,,,,,,,,,,,,,,,,,,,,,,,,,,,,,,,,,,,,,,,,,,,,,,,,,,,,,,,,,,,,,,,,,,,,,,,,,,,,,,,,,,,,,,,,,,,,,,,,,,,,,,,,,,,,,,,,,,,,,,,,,,,,,,,,,,,,,,,,,,,,,,,,,,,,,,,,,,,,,,,,,,,,,,,,,,,,,
ObesityBMI,ObesityBMIVisit,MONDO:0008300,MONDO:0009763,MONDO:0010961,MONDO:0011122,MONDO:0011419,MONDO:0012335,MONDO:0013267,MONDO:0013483,MONDO:0013991,MONDO:0013992,MONDO:0014309,MONDO:0015825,MONDO:0018244,MONDO:0019115,MONDO:0019506,MONDO:0044272,MONDO:0044283,SCTID:111036000,SCTID:190965006,SCTID:238132000,SCTID:238133005,SCTID:238134004,SCTID:238136002,SCTID:248311001,SCTID:248312008,SCTID:270486005,SCTID:290439001,SCTID:292464007,SCTID:294493008,SCTID:295509007,SCTID:296526005,SCTID:297500005,SCTID:298464002,SCTID:360566006,SCTID:363247006,SCTID:414438005,SCTID:414916001,SCTID:414918000,SCTID:414919008,SCTID:415530009,SCTID:444862003,SCTID:44772007,SCTID:5036006,SCTID:53146006,SCTID:722596001,SCTID:82793005,SCTID:83911000119104,HP:0001513,HP:0025499,HP:0025500,HP:0025501,MONDO:0044283,NCIT: C3283,umlscui:C0028754,,,,,,,,,,,,,,,,,,,,,,,,,,,,,,,,,,,,,,,,,,,,,,,,,,,,,,,,,,,,,,,,,,,,,,,,,,,,,,,,,,,,,,,,,,,,,,,,,,,,,,,,,,,,,,,,,,,,,,,,,,,,,,,,,,,,,,,,,,,,,,,,,,,,,,,,,,,,,,,,,,,,,,,,,,,,,,,,,,,,,,,,,,,,,,,,,,,,,,,,,,,,,,,,,,,,,,,,,,,,,,,,,,,,,,,,,,,,,,,,,,,,,,,,,,,,,,,,,,,,,,,,,,,,,,,,,,,,,,,,,,,,,,,,,,,,,,,,,,,,,,,,,,,,,,,,,,,,,,,,,,,,,,,,,,,,,,,,,,,,,,,,,,,,,,,,,,,
UterineCancerDx,UterineCancerVisit,SCTID:371973000,SCTID:363354003,SCTID:428941002,SCTID:423973006,SCTID:428944005,SCTID:428047000,SCTID:406043002,SCTID:406044008,MONDO:0002715,MONDO:0016252,,,,,,,,,,,,,,,,,,,,,,,,,,,,,,,,,,,,,,,,,,,,,,,,,,,,,,,,,,,,,,,,,,,,,,,,,,,,,,,,,,,,,,,,,,,,,,,,,,,,,,,,,,,,,,,,,,,,,,,,,,,,,,,,,,,,,,,,,,,,,,,,,,,,,,,,,,,,,,,,,,,,,,,,,,,,,,,,,,,,,,,,,,,,,,,,,,,,,,,,,,,,,,,,,,,,,,,,,,,,,,,,,,,,,,,,,,,,,,,,,,,,,,,,,,,,,,,,,,,,,,,,,,,,,,,,,,,,,,,,,,,,,,,,,,,,,,,,,,,,,,,,,,,,,,,,,,,,,,,,,,,,,,,,,,,,,,,,,,,,,,,,,,,,,,,,,,,,,,,,,,,,,,,,,,,,,,,,,,,,,,,,,,,,,,,,,,,,,,,
CervicalCancerDx,CervicalCancerVisit,SCTID:363354003,SCTID:423973006,SCTID:315266007,SCTID:128331000119100,SCTID:736595007,SCTID:4461000175108,SCTID:112241000119107,SCTID:15540006,SCTID:81822003,SCTID:68240008,SCTID:49219005,SCTID:25654007,SCTID:52708004,SCTID:87977001,SCTID:708340009,SCTID:708368008,SCTID:708327004,SCTID:708331005,SCTID:708387002,SCTID:708404006,SCTID:708400002,SCTID:708393005,SCTID:708383003,SCTID:708381001,SCTID:708395003,SCTID:716659002,MONDO:0002974,MONDO:0005131,MONDO:0042487,MONDO:0002455,MONDO:0004259,MONDO:0006143,MONDO:0016274,,,,,,,,,,,,,,,,,,,,,,,,,,,,,,,,,,,,,,,,,,,,,,,,,,,,,,,,,,,,,,,,,,,,,,,,,,,,,,,,,,,,,,,,,,,,,,,,,,,,,,,,,,,,,,,,,,,,,,,,,,,,,,,,,,,,,,,,,,,,,,,,,,,,,,,,,,,,,,,,,,,,,,,,,,,,,,,,,,,,,,,,,,,,,,,,,,,,,,,,,,,,,,,,,,,,,,,,,,,,,,,,,,,,,,,,,,,,,,,,,,,,,,,,,,,,,,,,,,,,,,,,,,,,,,,,,,,,,,,,,,,,,,,,,,,,,,,,,,,,,,,,,,,,,,,,,,,,,,,,,,,,,,,,,,,,,,,,,,,,,,,,,,,,,,,,,,,,,,,,,,,,,,,,,,,,,,,,
OvarianCancerDx,OvarianCancerVisit,SCTID:363443007,SCTID:424600001,SCTID:424486004,SCTID:423274005,SCTID:423480004,SCTID:422782004,SCTID:254856004,SCTID:18412003,SCTID:718220008,MONDO:0008170,MONDO:0005140,MONDO:0011450,MONDO:0011931,MONDO:0012933,MONDO:0013253,MONDO:0003582,MONDO:0024282,MONDO:0013669,MONDO:0016248,MONDO:0016249,MONDO:0004033,MONDO:0006477,MONDO:0021144,MONDO:0005211,MONDO:0006335,,,,,,,,,,,,,,,,,,,,,,,,,,,,,,,,,,,,,,,,,,,,,,,,,,,,,,,,,,,,,,,,,,,,,,,,,,,,,,,,,,,,,,,,,,,,,,,,,,,,,,,,,,,,,,,,,,,,,,,,,,,,,,,,,,,,,,,,,,,,,,,,,,,,,,,,,,,,,,,,,,,,,,,,,,,,,,,,,,,,,,,,,,,,,,,,,,,,,,,,,,,,,,,,,,,,,,,,,,,,,,,,,,,,,,,,,,,,,,,,,,,,,,,,,,,,,,,,,,,,,,,,,,,,,,,,,,,,,,,,,,,,,,,,,,,,,,,,,,,,,,,,,,,,,,,,,,,,,,,,,,,,,,,,,,,,,,,,,,,,,,,,,,,,,,,,,,,,,,,,,,,,,,,,,,,,,,,,,,,,,,,,
ProstateCancerDx,ProstateCancerVisit,SCTID:254900004,SCTID:399068003,SCTID:715412008,SCTID:315268008,SCTID:314994000,SCTID:92691004,SCTID:720007002,SCTID:94503003,SCTID:720008007,SCTID:414205003,SCTID:722103009,SCTID:427492003,SCTID:712849003,SCTID:31011000119107,SCTID:712837004,SCTID:609102007,SCTID:698470001,SCTID:722081007,SCTID:254381008,SCTID:421411003,SCTID:406077007,SCTID:421714007,SCTID:406076003,,,,,,,,,,,,,,,,,,,,,,,,,,,,,,,,,,,,,,,,,,,,,,,,,,,,,,,,,,,,,,,,,,,,,,,,,,,,,,,,,,,,,,,,,,,,,,,,,,,,,,,,,,,,,,,,,,,,,,,,,,,,,,,,,,,,,,,,,,,,,,,,,,,,,,,,,,,,,,,,,,,,,,,,,,,,,,,,,,,,,,,,,,,,,,,,,,,,,,,,,,,,,,,,,,,,,,,,,,,,,,,,,,,,,,,,,,,,,,,,,,,,,,,,,,,,,,,,,,,,,,,,,,,,,,,,,,,,,,,,,,,,,,,,,,,,,,,,,,,,,,,,,,,,,,,,,,,,,,,,,,,,,,,,,,,,,,,,,,,,,,,,,,,,,,,,,,,,,,,,,,,,,,,,,,,,,,,,,,,,,,,,,,
TesticularCancerDx,TesticularCancerVisit,SCTID:315272007,SCTID:717041008,,,,,,,,,,,,,,,,,,,,,,,,,,,,,,,,,,,,,,,,,,,,,,,,,,,,,,,,,,,,,,,,,,,,,,,,,,,,,,,,,,,,,,,,,,,,,,,,,,,,,,,,,,,,,,,,,,,,,,,,,,,,,,,,,,,,,,,,,,,,,,,,,,,,,,,,,,,,,,,,,,,,,,,,,,,,,,,,,,,,,,,,,,,,,,,,,,,,,,,,,,,,,,,,,,,,,,,,,,,,,,,,,,,,,,,,,,,,,,,,,,,,,,,,,,,,,,,,,,,,,,,,,,,,,,,,,,,,,,,,,,,,,,,,,,,,,,,,,,,,,,,,,,,,,,,,,,,,,,,,,,,,,,,,,,,,,,,,,,,,,,,,,,,,,,,,,,,,,,,,,,,,,,,,,,,,,,,,,,,,,,,,,,,,,,,,,,,,,,,,,,,,,,,
KidneyCancerDx,KidneyCancerVisit,SCTID:363518003,SCTID:315270004,SCTID:94360002,SCTID:430703009,SCTID:406064003,SCTID:406081007,SCTID:406065002,,,,,,,,,,,,,,,,,,,,,,,,,,,,,,,,,,,,,,,,,,,,,,,,,,,,,,,,,,,,,,,,,,,,,,,,,,,,,,,,,,,,,,,,,,,,,,,,,,,,,,,,,,,,,,,,,,,,,,,,,,,,,,,,,,,,,,,,,,,,,,,,,,,,,,,,,,,,,,,,,,,,,,,,,,,,,,,,,,,,,,,,,,,,,,,,,,,,,,,,,,,,,,,,,,,,,,,,,,,,,,,,,,,,,,,,,,,,,,,,,,,,,,,,,,,,,,,,,,,,,,,,,,,,,,,,,,,,,,,,,,,,,,,,,,,,,,,,,,,,,,,,,,,,,,,,,,,,,,,,,,,,,,,,,,,,,,,,,,,,,,,,,,,,,,,,,,,,,,,,,,,,,,,,,,,,,,,,,,,,,,,,,,,,,,,,,,,,,,,,,,
PregnancyDx,PregnancyVisit,SCTID:289908002,SCTID:199312002,SCTID:424525001,SCTID:87527008,SCTID:111208003,SCTID:271903000,SCTID:74036000,SCTID:65147003,SCTID:127368005,SCTID:127364007,SCTID:69532007,SCTID:127373004,SCTID:44782008,SCTID:79586000,SCTID:127366009,SCTID:127372009,SCTID:127369002,SCTID:235003004,SCTID:276367008,SCTID:237241002,SCTID:127367000,SCTID:135881001,SCTID:127365008,SCTID:127371002,SCTID:237244005,SCTID:72892002,SCTID:34801009,SCTID:9899009,SCTID:118185001,SCTID:3645005,SCTID:87605005,SCTID:289209003,SCTID:237240001,SCTID:198627000,SCTID:64254006,SCTID:424040008,SCTID:127370001,SCTID:191733007,SCTID:68737009,SCTID:169565003,SCTID:237239003,SCTID:11082009,SCTID:102874004,SCTID:239102001,SCTID:79290002,SCTID:109184000,SCTID:16356006,SCTID:239101008,SCTID:270471004,SCTID:31601007,SCTID:445086005,SCTID:275133001,SCTID:58532003,SCTID:82661006,SCTID:386216000,SCTID:47200007,SCTID:386638009,SCTID:102875003,SCTID:43990006,SCTID:274116002,SCTID:27342004,SCTID:83074005,SCTID:90968009,SCTID:77386006,SCTID:38720006,SCTID:237233002,SCTID:72301000119103,SCTID:15592002,SCTID:364320009,SCTID:710973002,SCTID:237242009,SCTID:60810003,SCTID:52651000119105,SCTID:14418008,SCTID:198626009,SCTID:364324000,SCTID:198624007,SCTID:364322001,SCTID:60000008,SCTID:15394000,SCTID:80997009,SCTID:94641000119109,SCTID:274119009,SCTID:405114003,SCTID:239103006,SCTID:167252002,,,,,,,,,,,,,,,,,,,,,,,,,,,,,,,,,,,,,,,,,,,,,,,,,,,,,,,,,,,,,,,,,,,,,,,,,,,,,,,,,,,,,,,,,,,,,,,,,,,,,,,,,,,,,,,,,,,,,,,,,,,,,,,,,,,,,,,,,,,,,,,,,,,,,,,,,,,,,,,,,,,,,,,,,,,,,,,,,,,,,,,,,,,,,,,,,,,,,,,,,,,,,,,,,,,,,,,,,,,,,,,,,,,,,,,,,,,,,,,,,,,,,,,,,,,,,,,,,,,,,,,,,,,,,,,,,,,,,,,,,,,,,,,,,,,,,,,,,,,,,,,,,,,,,,,,,,,,,,,,,,,
MenopauseDx,MenopauseVisit,SCTID:161712005,SCTID:289903006,SCTID:307429007,SCTID:289904000,SCTID:237123000,SCTID:309606002,SCTID:303111005,SCTID:20045006,SCTID:276477006,SCTID:371036001,SCTID:160398001,SCTID:373717006,SCTID:313207002,SCTID:160397006,SCTID:31351009,SCTID:268530007,SCTID:402804002,SCTID:170962000,SCTID:278064001,SCTID:76742009,SCTID:439421000,SCTID:237138004,SCTID:170961007,SCTID:170951000,SCTID:243875009,SCTID:278063007,SCTID:427956008,SCTID:170949004,SCTID:423478005,SCTID:170953002,SCTID:170950004,SCTID:735614005,SCTID:309605003,SCTID:464852003,SCTID:88424000,SCTID:106002000,SCTID:718881004,,,,,,,,,,,,,,,,,,,,,,,,,,,,,,,,,,,,,,,,,,,,,,,,,,,,,,,,,,,,,,,,,,,,,,,,,,,,,,,,,,,,,,,,,,,,,,,,,,,,,,,,,,,,,,,,,,,,,,,,,,,,,,,,,,,,,,,,,,,,,,,,,,,,,,,,,,,,,,,,,,,,,,,,,,,,,,,,,,,,,,,,,,,,,,,,,,,,,,,,,,,,,,,,,,,,,,,,,,,,,,,,,,,,,,,,,,,,,,,,,,,,,,,,,,,,,,,,,,,,,,,,,,,,,,,,,,,,,,,,,,,,,,,,,,,,,,,,,,,,,,,,,,,,,,,,,,,,,,,,,,,,,,,,,,,,,,,,,,,,,,,,,,,,,,,,,,,,,,,,,,,,,,,,,,,,
EndometriosisDx,EndometriosisVisit,SCTID:396224008,SCTID:129103003,SCTID:53913001,SCTID:724457006,SCTID:26681001,SCTID:128726006,SCTID:198247003,SCTID:35543003,SCTID:50993001,SCTID:233651009,SCTID:44601009,SCTID:717700009,SCTID:396223002,SCTID:266589005,SCTID:38780008,SCTID:76376003,SCTID:61640006,SCTID:9563009,SCTID:57493005,SCTID:89001007,SCTID:65099004,SCTID:8421002,SCTID:5562006,SCTID:17829005,SCTID:397318008,SCTID:237115002,SCTID:237117005,SCTID:84305006,SCTID:735621005,SCTID:22611009,SCTID:10535001,SCTID:5327000,SCTID:64286001,SCTID:717698000,SCTID:717699008,SCTID:724456002,SCTID:198251001,SCTID:724455003,SCTID:52533003,SCTID:314049009,SCTID:712584009,SCTID:715806006,SCTID:713174005,SCTID:724454004,SCTID:416155004,SCTID:263638005,,,,,,,,,,,,,,,,,,,,,,,,,,,,,,,,,,,,,,,,,,,,,,,,,,,,,,,,,,,,,,,,,,,,,,,,,,,,,,,,,,,,,,,,,,,,,,,,,,,,,,,,,,,,,,,,,,,,,,,,,,,,,,,,,,,,,,,,,,,,,,,,,,,,,,,,,,,,,,,,,,,,,,,,,,,,,,,,,,,,,,,,,,,,,,,,,,,,,,,,,,,,,,,,,,,,,,,,,,,,,,,,,,,,,,,,,,,,,,,,,,,,,,,,,,,,,,,,,,,,,,,,,,,,,,,,,,,,,,,,,,,,,,,,,,,,,,,,,,,,,,,,,,,,,,,,,,,,,,,,,,,,,,,,,,,,,,,,,,,,,,,,,,,,,,,,,,,,,,,,,,,
OvarianDysfunctionDx,OvarianDysfunctionVisit,SCTID:37102008,SCTID:699275001,SCTID:442781001,,,,,,,,,,,,,,,,,,,,,,,,,,,,,,,,,,,,,,,,,,,,,,,,,,,,,,,,,,,,,,,,,,,,,,,,,,,,,,,,,,,,,,,,,,,,,,,,,,,,,,,,,,,,,,,,,,,,,,,,,,,,,,,,,,,,,,,,,,,,,,,,,,,,,,,,,,,,,,,,,,,,,,,,,,,,,,,,,,,,,,,,,,,,,,,,,,,,,,,,,,,,,,,,,,,,,,,,,,,,,,,,,,,,,,,,,,,,,,,,,,,,,,,,,,,,,,,,,,,,,,,,,,,,,,,,,,,,,,,,,,,,,,,,,,,,,,,,,,,,,,,,,,,,,,,,,,,,,,,,,,,,,,,,,,,,,,,,,,,,,,,,,,,,,,,,,,,,,,,,,,,,,,,,,,,,,,,,,,,,,,,,,,,,,,,,,,,,,,,,,,,,,,
TesticularDysfunctionDx,TesticularDysfunctionVisit,SCTID:73820008,SCTID:442782008,SCTID:3761000119104,,,,,,,,,,,,,,,,,,,,,,,,,,,,,,,,,,,,,,,,,,,,,,,,,,,,,,,,,,,,,,,,,,,,,,,,,,,,,,,,,,,,,,,,,,,,,,,,,,,,,,,,,,,,,,,,,,,,,,,,,,,,,,,,,,,,,,,,,,,,,,,,,,,,,,,,,,,,,,,,,,,,,,,,,,,,,,,,,,,,,,,,,,,,,,,,,,,,,,,,,,,,,,,,,,,,,,,,,,,,,,,,,,,,,,,,,,,,,,,,,,,,,,,,,,,,,,,,,,,,,,,,,,,,,,,,,,,,,,,,,,,,,,,,,,,,,,,,,,,,,,,,,,,,,,,,,,,,,,,,,,,,,,,,,,,,,,,,,,,,,,,,,,,,,,,,,,,,,,,,,,,,,,,,,,,,,,,,,,,,,,,,,,,,,,,,,,,,,,,,,,,,,,
DiabetesDx,DiabetesVisit,SCTID:405751000,SCTID:11530004,SCTID:702706001,SCTID:399144008,SCTID:9414007,SCTID:73211009,SCTID:315051004,SCTID:85487008,SCTID:15771004,SCTID:309417009,SCTID:270445003,SCTID:82980005,SCTID:79367009,SCTID:34170007,SCTID:38205001,SCTID:11687002,SCTID:408290003,SCTID:707683005,SCTID:127012008,SCTID:160303001,SCTID:161445009,SCTID:44054006,SCTID:46635009,SCTID:190447002,SCTID:405096004,SCTID:61165007,SCTID:405749004,SCTID:308505000,SCTID:312888008,SCTID:702848001,SCTID:160402005,SCTID:444913002,SCTID:61598006,SCTID:45369008,SCTID:49817004,SCTID:394725008,SCTID:21584002,SCTID:309593006,SCTID:720724003,SCTID:530558861000132104,SCTID:68061000119109,SCTID:315216001,SCTID:312856000,SCTID:160274005,SCTID:170774007,SCTID:237599002,SCTID:443313003,SCTID:185755005,SCTID:185761008,SCTID:170753006,SCTID:12275391000119108,SCTID:385805005,SCTID:473127005,SCTID:42021008,SCTID:8801005,SCTID:171183004,SCTID:185753003,SCTID:185754009,SCTID:44673006,SCTID:715159005,SCTID:161641009,SCTID:702849009,SCTID:13196008,SCTID:420825003,SCTID:420756003,SCTID:170752001,SCTID:77274005,SCTID:170775008,SCTID:421920002,,,,,,,,,,,,,,,,,,,,,,,,,,,,,,,,,,,,,,,,,,,,,,,,,,,,,,,,,,,,,,,,,,,,,,,,,,,,,,,,,,,,,,,,,,,,,,,,,,,,,,,,,,,,,,,,,,,,,,,,,,,,,,,,,,,,,,,,,,,,,,,,,,,,,,,,,,,,,,,,,,,,,,,,,,,,,,,,,,,,,,,,,,,,,,,,,,,,,,,,,,,,,,,,,,,,,,,,,,,,,,,,,,,,,,,,,,,,,,,,,,,,,,,,,,,,,,,,,,,,,,,,,,,,,,,,,,,,,,,,,,,,,,,,,,,,,,,,,,,,,,,,,,,,,,,,,,,,,,,,,,,,,,,,,,,,,,,,,,,,
AlopeciaDx,AlopeciaVisit,SCTID:56317004,SCTID:160409001,SCTID:403334008,SCTID:275950000,SCTID:68225006,SCTID:201135005,SCTID:403534007,SCTID:403330004,SCTID:201137002,SCTID:19754005,SCTID:201138007,SCTID:238469005,SCTID:27382006,SCTID:403331000,SCTID:67488005,SCTID:400088006,SCTID:403533001,SCTID:201142005,SCTID:109441000119102,SCTID:201136006,SCTID:701781007,SCTID:201141003,SCTID:201133003,SCTID:409436003,SCTID:201139004,SCTID:31082002,SCTID:22934003,SCTID:54539003,SCTID:2965006,SCTID:111024006,SCTID:87038002,SCTID:87872006,SCTID:403535008,SCTID:59307008,SCTID:65384007,SCTID:201143000,SCTID:201144006,SCTID:72164009,SCTID:86166000,SCTID:65130004,SCTID:59817009,SCTID:403332007,SCTID:73383004,SCTID:238923001,SCTID:238728002,SCTID:67772009,SCTID:238725004,SCTID:201134009,SCTID:201140002,SCTID:238729005,SCTID:46586006,SCTID:1108009,SCTID:5860009,SCTID:403335009,SCTID:403798006,SCTID:268921005,SCTID:311671002,SCTID:201132008,SCTID:717055000,SCTID:77363004,SCTID:237894002,,,,,,,,,,,,,,,,,,,,,,,,,,,,,,,,,,,,,,,,,,,,,,,,,,,,,,,,,,,,,,,,,,,,,,,,,,,,,,,,,,,,,,,,,,,,,,,,,,,,,,,,,,,,,,,,,,,,,,,,,,,,,,,,,,,,,,,,,,,,,,,,,,,,,,,,,,,,,,,,,,,,,,,,,,,,,,,,,,,,,,,,,,,,,,,,,,,,,,,,,,,,,,,,,,,,,,,,,,,,,,,,,,,,,,,,,,,,,,,,,,,,,,,,,,,,,,,,,,,,,,,,,,,,,,,,,,,,,,,,,,,,,,,,,,,,,,,,,,,,,,,,,,,,,,,,,,,,,,,,,,,,,,,,,,,,,,,,,,,,,,,,,,,,
FibromyalgiaDx,FibromyalgiaVisit,SCTID:203082005,SCTID:95417003,,,,,,,,,,,,,,,,,,,,,,,,,,,,,,,,,,,,,,,,,,,,,,,,,,,,,,,,,,,,,,,,,,,,,,,,,,,,,,,,,,,,,,,,,,,,,,,,,,,,,,,,,,,,,,,,,,,,,,,,,,,,,,,,,,,,,,,,,,,,,,,,,,,,,,,,,,,,,,,,,,,,,,,,,,,,,,,,,,,,,,,,,,,,,,,,,,,,,,,,,,,,,,,,,,,,,,,,,,,,,,,,,,,,,,,,,,,,,,,,,,,,,,,,,,,,,,,,,,,,,,,,,,,,,,,,,,,,,,,,,,,,,,,,,,,,,,,,,,,,,,,,,,,,,,,,,,,,,,,,,,,,,,,,,,,,,,,,,,,,,,,,,,,,,,,,,,,,,,,,,,,,,,,,,,,,,,,,,,,,,,,,,,,,,,,,,,,,,,,,,,,,,,,
AlcoholDependenceDx,AlcoholDependenceVisit,SCTID:66590003,SCTID:713583005,SCTID:273264006,SCTID:713862009,SCTID:714829008,SCTID:273802002,SCTID:10741871000119101,SCTID:10755041000119100,SCTID:273799006,SCTID:288031000119105,SCTID:443504004,SCTID:191802004,,,,,,,,,,,,,,,,,,,,,,,,,,,,,,,,,,,,,,,,,,,,,,,,,,,,,,,,,,,,,,,,,,,,,,,,,,,,,,,,,,,,,,,,,,,,,,,,,,,,,,,,,,,,,,,,,,,,,,,,,,,,,,,,,,,,,,,,,,,,,,,,,,,,,,,,,,,,,,,,,,,,,,,,,,,,,,,,,,,,,,,,,,,,,,,,,,,,,,,,,,,,,,,,,,,,,,,,,,,,,,,,,,,,,,,,,,,,,,,,,,,,,,,,,,,,,,,,,,,,,,,,,,,,,,,,,,,,,,,,,,,,,,,,,,,,,,,,,,,,,,,,,,,,,,,,,,,,,,,,,,,,,,,,,,,,,,,,,,,,,,,,,,,,,,,,,,,,,,,,,,,,,,,,,,,,,,,,,,,,,,,,,,,,,,,,,,,,,
DrugDependenceDx,DrugDependenceVisit,SCTID:191816009,SCTID:231482005,SCTID:153501000119105,SCTID:199253007,SCTID:441681009,SCTID:231481003,SCTID:95918004,SCTID:153491000119103,SCTID:1461000119109,SCTID:724714000,SCTID:191877009,SCTID:191829009,SCTID:237228001,SCTID:10755161000119102,SCTID:268641003,SCTID:414056002,SCTID:414054004,SCTID:429299000,SCTID:191865004,SCTID:191871005,SCTID:724704009,SCTID:199252002,SCTID:414055003,SCTID:191868002,SCTID:191874002,SCTID:191873008,SCTID:191867007,SCTID:191869005,SCTID:191875001,SCTID:199254001,SCTID:267206008,SCTID:34150001,SCTID:199255000,,,,,,,,,,,,,,,,,,,,,,,,,,,,,,,,,,,,,,,,,,,,,,,,,,,,,,,,,,,,,,,,,,,,,,,,,,,,,,,,,,,,,,,,,,,,,,,,,,,,,,,,,,,,,,,,,,,,,,,,,,,,,,,,,,,,,,,,,,,,,,,,,,,,,,,,,,,,,,,,,,,,,,,,,,,,,,,,,,,,,,,,,,,,,,,,,,,,,,,,,,,,,,,,,,,,,,,,,,,,,,,,,,,,,,,,,,,,,,,,,,,,,,,,,,,,,,,,,,,,,,,,,,,,,,,,,,,,,,,,,,,,,,,,,,,,,,,,,,,,,,,,,,,,,,,,,,,,,,,,,,,,,,,,,,,,,,,,,,,,,,,,,,,,,,,,,,,,,,,,,,,,,,,,,,,,,,,,
PM2.5,PM2.5,MESH:D052638,NCIT:C29886,umlscui:C1510837,SCTID:278694008,ENVO:01000060,,,,,,,,,,,,,,,,,,,,,,,,,,,,,,,,,,,,,,,,,,,,,,,,,,,,,,,,,,,,,,,,,,,,,,,,,,,,,,,,,,,,,,,,,,,,,,,,,,,,,,,,,,,,,,,,,,,,,,,,,,,,,,,,,,,,,,,,,,,,,,,,,,,,,,,,,,,,,,,,,,,,,,,,,,,,,,,,,,,,,,,,,,,,,,,,,,,,,,,,,,,,,,,,,,,,,,,,,,,,,,,,,,,,,,,,,,,,,,,,,,,,,,,,,,,,,,,,,,,,,,,,,,,,,,,,,,,,,,,,,,,,,,,,,,,,,,,,,,,,,,,,,,,,,,,,,,,,,,,,,,,,,,,,,,,,,,,,,,,,,,,,,,,,,,,,,,,,,,,,,,,,,,,,,,,,,,,,,,,,,,,,,,,,,,,,,,,,,,,,,,,,
Ozone,Ozone,MESH:D010126,PUBCHEM:24823,SCTID:40057008,CHEBI:25812,ENVO:01000537,,,,,,,,,,,,,,,,,,,,,,,,,,,,,,,,,,,,,,,,,,,,,,,,,,,,,,,,,,,,,,,,,,,,,,,,,,,,,,,,,,,,,,,,,,,,,,,,,,,,,,,,,,,,,,,,,,,,,,,,,,,,,,,,,,,,,,,,,,,,,,,,,,,,,,,,,,,,,,,,,,,,,,,,,,,,,,,,,,,,,,,,,,,,,,,,,,,,,,,,,,,,,,,,,,,,,,,,,,,,,,,,,,,,,,,,,,,,,,,,,,,,,,,,,,,,,,,,,,,,,,,,,,,,,,,,,,,,,,,,,,,,,,,,,,,,,,,,,,,,,,,,,,,,,,,,,,,,,,,,,,,,,,,,,,,,,,,,,,,,,,,,,,,,,,,,,,,,,,,,,,,,,,,,,,,,,,,,,,,,,,,,,,,,,,,,,,,,,,,,,,,,
CO,CO,CHEBI:17245,PUBCHEM:281,MESH:D002248,,,,,,,,,,,,,,,,,,,,,,,,,,,,,,,,,,,,,,,,,,,,,,,,,,,,,,,,,,,,,,,,,,,,,,,,,,,,,,,,,,,,,,,,,,,,,,,,,,,,,,,,,,,,,,,,,,,,,,,,,,,,,,,,,,,,,,,,,,,,,,,,,,,,,,,,,,,,,,,,,,,,,,,,,,,,,,,,,,,,,,,,,,,,,,,,,,,,,,,,,,,,,,,,,,,,,,,,,,,,,,,,,,,,,,,,,,,,,,,,,,,,,,,,,,,,,,,,,,,,,,,,,,,,,,,,,,,,,,,,,,,,,,,,,,,,,,,,,,,,,,,,,,,,,,,,,,,,,,,,,,,,,,,,,,,,,,,,,,,,,,,,,,,,,,,,,,,,,,,,,,,,,,,,,,,,,,,,,,,,,,,,,,,,,,,,,,,,,,,,,,,,,,
NO,NO,CHEBI:16480,PUBCHEM:145068,MESH:D009569,,,,,,,,,,,,,,,,,,,,,,,,,,,,,,,,,,,,,,,,,,,,,,,,,,,,,,,,,,,,,,,,,,,,,,,,,,,,,,,,,,,,,,,,,,,,,,,,,,,,,,,,,,,,,,,,,,,,,,,,,,,,,,,,,,,,,,,,,,,,,,,,,,,,,,,,,,,,,,,,,,,,,,,,,,,,,,,,,,,,,,,,,,,,,,,,,,,,,,,,,,,,,,,,,,,,,,,,,,,,,,,,,,,,,,,,,,,,,,,,,,,,,,,,,,,,,,,,,,,,,,,,,,,,,,,,,,,,,,,,,,,,,,,,,,,,,,,,,,,,,,,,,,,,,,,,,,,,,,,,,,,,,,,,,,,,,,,,,,,,,,,,,,,,,,,,,,,,,,,,,,,,,,,,,,,,,,,,,,,,,,,,,,,,,,,,,,,,,,,,,,,,,,
NO2,NO2,CHEBI:33101,PUBCHEM:3032552,MESH:D009585,,,,,,,,,,,,,,,,,,,,,,,,,,,,,,,,,,,,,,,,,,,,,,,,,,,,,,,,,,,,,,,,,,,,,,,,,,,,,,,,,,,,,,,,,,,,,,,,,,,,,,,,,,,,,,,,,,,,,,,,,,,,,,,,,,,,,,,,,,,,,,,,,,,,,,,,,,,,,,,,,,,,,,,,,,,,,,,,,,,,,,,,,,,,,,,,,,,,,,,,,,,,,,,,,,,,,,,,,,,,,,,,,,,,,,,,,,,,,,,,,,,,,,,,,,,,,,,,,,,,,,,,,,,,,,,,,,,,,,,,,,,,,,,,,,,,,,,,,,,,,,,,,,,,,,,,,,,,,,,,,,,,,,,,,,,,,,,,,,,,,,,,,,,,,,,,,,,,,,,,,,,,,,,,,,,,,,,,,,,,,,,,,,,,,,,,,,,,,,,,,,,,,,
NOx,NOx,CHEBI:35196,,,,,,,,,,,,,,,,,,,,,,,,,,,,,,,,,,,,,,,,,,,,,,,,,,,,,,,,,,,,,,,,,,,,,,,,,,,,,,,,,,,,,,,,,,,,,,,,,,,,,,,,,,,,,,,,,,,,,,,,,,,,,,,,,,,,,,,,,,,,,,,,,,,,,,,,,,,,,,,,,,,,,,,,,,,,,,,,,,,,,,,,,,,,,,,,,,,,,,,,,,,,,,,,,,,,,,,,,,,,,,,,,,,,,,,,,,,,,,,,,,,,,,,,,,,,,,,,,,,,,,,,,,,,,,,,,,,,,,,,,,,,,,,,,,,,,,,,,,,,,,,,,,,,,,,,,,,,,,,,,,,,,,,,,,,,,,,,,,,,,,,,,,,,,,,,,,,,,,,,,,,,,,,,,,,,,,,,,,,,,,,,,,,,,,,,,,,,,,,,,,,,,,,,
SO2,SO2,CHEBI:18422,PUBCHEM:1119,MESH:D013458,,,,,,,,,,,,,,,,,,,,,,,,,,,,,,,,,,,,,,,,,,,,,,,,,,,,,,,,,,,,,,,,,,,,,,,,,,,,,,,,,,,,,,,,,,,,,,,,,,,,,,,,,,,,,,,,,,,,,,,,,,,,,,,,,,,,,,,,,,,,,,,,,,,,,,,,,,,,,,,,,,,,,,,,,,,,,,,,,,,,,,,,,,,,,,,,,,,,,,,,,,,,,,,,,,,,,,,,,,,,,,,,,,,,,,,,,,,,,,,,,,,,,,,,,,,,,,,,,,,,,,,,,,,,,,,,,,,,,,,,,,,,,,,,,,,,,,,,,,,,,,,,,,,,,,,,,,,,,,,,,,,,,,,,,,,,,,,,,,,,,,,,,,,,,,,,,,,,,,,,,,,,,,,,,,,,,,,,,,,,,,,,,,,,,,,,,,,,,,,,,,,,,,
Acetaldehyde,Acetaldehyde,CHEBI:15343,PUBCHEM:177,MESH:D000079,,,,,,,,,,,,,,,,,,,,,,,,,,,,,,,,,,,,,,,,,,,,,,,,,,,,,,,,,,,,,,,,,,,,,,,,,,,,,,,,,,,,,,,,,,,,,,,,,,,,,,,,,,,,,,,,,,,,,,,,,,,,,,,,,,,,,,,,,,,,,,,,,,,,,,,,,,,,,,,,,,,,,,,,,,,,,,,,,,,,,,,,,,,,,,,,,,,,,,,,,,,,,,,,,,,,,,,,,,,,,,,,,,,,,,,,,,,,,,,,,,,,,,,,,,,,,,,,,,,,,,,,,,,,,,,,,,,,,,,,,,,,,,,,,,,,,,,,,,,,,,,,,,,,,,,,,,,,,,,,,,,,,,,,,,,,,,,,,,,,,,,,,,,,,,,,,,,,,,,,,,,,,,,,,,,,,,,,,,,,,,,,,,,,,,,,,,,,,,,,,,,,,,
Formaldehyde,Formaldehyde,CHEBI:16842,PUBCHEM:712,MESH:D005557,,,,,,,,,,,,,,,,,,,,,,,,,,,,,,,,,,,,,,,,,,,,,,,,,,,,,,,,,,,,,,,,,,,,,,,,,,,,,,,,,,,,,,,,,,,,,,,,,,,,,,,,,,,,,,,,,,,,,,,,,,,,,,,,,,,,,,,,,,,,,,,,,,,,,,,,,,,,,,,,,,,,,,,,,,,,,,,,,,,,,,,,,,,,,,,,,,,,,,,,,,,,,,,,,,,,,,,,,,,,,,,,,,,,,,,,,,,,,,,,,,,,,,,,,,,,,,,,,,,,,,,,,,,,,,,,,,,,,,,,,,,,,,,,,,,,,,,,,,,,,,,,,,,,,,,,,,,,,,,,,,,,,,,,,,,,,,,,,,,,,,,,,,,,,,,,,,,,,,,,,,,,,,,,,,,,,,,,,,,,,,,,,,,,,,,,,,,,,,,,,,,,,,
Benzene,Benzene,CHEBI:16716,PUBCHEM:241,MESH:D001554,,,,,,,,,,,,,,,,,,,,,,,,,,,,,,,,,,,,,,,,,,,,,,,,,,,,,,,,,,,,,,,,,,,,,,,,,,,,,,,,,,,,,,,,,,,,,,,,,,,,,,,,,,,,,,,,,,,,,,,,,,,,,,,,,,,,,,,,,,,,,,,,,,,,,,,,,,,,,,,,,,,,,,,,,,,,,,,,,,,,,,,,,,,,,,,,,,,,,,,,,,,,,,,,,,,,,,,,,,,,,,,,,,,,,,,,,,,,,,,,,,,,,,,,,,,,,,,,,,,,,,,,,,,,,,,,,,,,,,,,,,,,,,,,,,,,,,,,,,,,,,,,,,,,,,,,,,,,,,,,,,,,,,,,,,,,,,,,,,,,,,,,,,,,,,,,,,,,,,,,,,,,,,,,,,,,,,,,,,,,,,,,,,,,,,,,,,,,,,,,,,,,,,
EstResidentialDensity,EstResidentialDensity,NCIT:C45781,umlscui: C0178587 ,SCTID:272497004,,,,,,,,,,,,,,,,,,,,,,,,,,,,,,,,,,,,,,,,,,,,,,,,,,,,,,,,,,,,,,,,,,,,,,,,,,,,,,,,,,,,,,,,,,,,,,,,,,,,,,,,,,,,,,,,,,,,,,,,,,,,,,,,,,,,,,,,,,,,,,,,,,,,,,,,,,,,,,,,,,,,,,,,,,,,,,,,,,,,,,,,,,,,,,,,,,,,,,,,,,,,,,,,,,,,,,,,,,,,,,,,,,,,,,,,,,,,,,,,,,,,,,,,,,,,,,,,,,,,,,,,,,,,,,,,,,,,,,,,,,,,,,,,,,,,,,,,,,,,,,,,,,,,,,,,,,,,,,,,,,,,,,,,,,,,,,,,,,,,,,,,,,,,,,,,,,,,,,,,,,,,,,,,,,,,,,,,,,,,,,,,,,,,,,,,,,,,,,,,,,,,,,
EstResidentialDensity25Plus,EstResidentialDensity25Plus,NCIT:C45781,umlscui: C0178587 ,SCTID:272497004,,,,,,,,,,,,,,,,,,,,,,,,,,,,,,,,,,,,,,,,,,,,,,,,,,,,,,,,,,,,,,,,,,,,,,,,,,,,,,,,,,,,,,,,,,,,,,,,,,,,,,,,,,,,,,,,,,,,,,,,,,,,,,,,,,,,,,,,,,,,,,,,,,,,,,,,,,,,,,,,,,,,,,,,,,,,,,,,,,,,,,,,,,,,,,,,,,,,,,,,,,,,,,,,,,,,,,,,,,,,,,,,,,,,,,,,,,,,,,,,,,,,,,,,,,,,,,,,,,,,,,,,,,,,,,,,,,,,,,,,,,,,,,,,,,,,,,,,,,,,,,,,,,,,,,,,,,,,,,,,,,,,,,,,,,,,,,,,,,,,,,,,,,,,,,,,,,,,,,,,,,,,,,,,,,,,,,,,,,,,,,,,,,,,,,,,,,,,,,,,,,,,,,
UrbanRural,UrbanRural,NCIT:C45781,umlscui: C0178587 ,SCTID:272497004,,,,,,,,,,,,,,,,,,,,,,,,,,,,,,,,,,,,,,,,,,,,,,,,,,,,,,,,,,,,,,,,,,,,,,,,,,,,,,,,,,,,,,,,,,,,,,,,,,,,,,,,,,,,,,,,,,,,,,,,,,,,,,,,,,,,,,,,,,,,,,,,,,,,,,,,,,,,,,,,,,,,,,,,,,,,,,,,,,,,,,,,,,,,,,,,,,,,,,,,,,,,,,,,,,,,,,,,,,,,,,,,,,,,,,,,,,,,,,,,,,,,,,,,,,,,,,,,,,,,,,,,,,,,,,,,,,,,,,,,,,,,,,,,,,,,,,,,,,,,,,,,,,,,,,,,,,,,,,,,,,,,,,,,,,,,,,,,,,,,,,,,,,,,,,,,,,,,,,,,,,,,,,,,,,,,,,,,,,,,,,,,,,,,,,,,,,,,,,,,,,,,,,
EstProbabilityNonHispWhite,EstProbabilityNonHispWhite,NCIT:C93992,umlscui:C2986190,SCTID:185984009,,,,,,,,,,,,,,,,,,,,,,,,,,,,,,,,,,,,,,,,,,,,,,,,,,,,,,,,,,,,,,,,,,,,,,,,,,,,,,,,,,,,,,,,,,,,,,,,,,,,,,,,,,,,,,,,,,,,,,,,,,,,,,,,,,,,,,,,,,,,,,,,,,,,,,,,,,,,,,,,,,,,,,,,,,,,,,,,,,,,,,,,,,,,,,,,,,,,,,,,,,,,,,,,,,,,,,,,,,,,,,,,,,,,,,,,,,,,,,,,,,,,,,,,,,,,,,,,,,,,,,,,,,,,,,,,,,,,,,,,,,,,,,,,,,,,,,,,,,,,,,,,,,,,,,,,,,,,,,,,,,,,,,,,,,,,,,,,,,,,,,,,,,,,,,,,,,,,,,,,,,,,,,,,,,,,,,,,,,,,,,,,,,,,,,,,,,,,,,,,,,,,,,
EstProbabilityHouseholdNonHispWhite,EstProbabilityHouseholdNonHispWhite,NCIT:C93992,umlscui:C2986190,SCTID:185984009,,,,,,,,,,,,,,,,,,,,,,,,,,,,,,,,,,,,,,,,,,,,,,,,,,,,,,,,,,,,,,,,,,,,,,,,,,,,,,,,,,,,,,,,,,,,,,,,,,,,,,,,,,,,,,,,,,,,,,,,,,,,,,,,,,,,,,,,,,,,,,,,,,,,,,,,,,,,,,,,,,,,,,,,,,,,,,,,,,,,,,,,,,,,,,,,,,,,,,,,,,,,,,,,,,,,,,,,,,,,,,,,,,,,,,,,,,,,,,,,,,,,,,,,,,,,,,,,,,,,,,,,,,,,,,,,,,,,,,,,,,,,,,,,,,,,,,,,,,,,,,,,,,,,,,,,,,,,,,,,,,,,,,,,,,,,,,,,,,,,,,,,,,,,,,,,,,,,,,,,,,,,,,,,,,,,,,,,,,,,,,,,,,,,,,,,,,,,,,,,,,,,,,
EstProbabilityHighSchoolMaxEducation,EstProbabilityHighSchoolMaxEducation,NCIT:C89278,umlscui:C0599395,NCIT:C67136,umlscui:C0870649,SCTID:473461003,,,,,,,,,,,,,,,,,,,,,,,,,,,,,,,,,,,,,,,,,,,,,,,,,,,,,,,,,,,,,,,,,,,,,,,,,,,,,,,,,,,,,,,,,,,,,,,,,,,,,,,,,,,,,,,,,,,,,,,,,,,,,,,,,,,,,,,,,,,,,,,,,,,,,,,,,,,,,,,,,,,,,,,,,,,,,,,,,,,,,,,,,,,,,,,,,,,,,,,,,,,,,,,,,,,,,,,,,,,,,,,,,,,,,,,,,,,,,,,,,,,,,,,,,,,,,,,,,,,,,,,,,,,,,,,,,,,,,,,,,,,,,,,,,,,,,,,,,,,,,,,,,,,,,,,,,,,,,,,,,,,,,,,,,,,,,,,,,,,,,,,,,,,,,,,,,,,,,,,,,,,,,,,,,,,,,,,,,,,,,,,,,,,,,,,,,,,,,,,,,,,,
EstProbabilityNoAuto,EstProbabilityNoAuto,SCTID:71783008,,,,,,,,,,,,,,,,,,,,,,,,,,,,,,,,,,,,,,,,,,,,,,,,,,,,,,,,,,,,,,,,,,,,,,,,,,,,,,,,,,,,,,,,,,,,,,,,,,,,,,,,,,,,,,,,,,,,,,,,,,,,,,,,,,,,,,,,,,,,,,,,,,,,,,,,,,,,,,,,,,,,,,,,,,,,,,,,,,,,,,,,,,,,,,,,,,,,,,,,,,,,,,,,,,,,,,,,,,,,,,,,,,,,,,,,,,,,,,,,,,,,,,,,,,,,,,,,,,,,,,,,,,,,,,,,,,,,,,,,,,,,,,,,,,,,,,,,,,,,,,,,,,,,,,,,,,,,,,,,,,,,,,,,,,,,,,,,,,,,,,,,,,,,,,,,,,,,,,,,,,,,,,,,,,,,,,,,,,,,,,,,,,,,,,,,,,,,,,,,,,,,,,,,
EstProbabilityNoHealthIns,EstProbabilityNoHealthIns,NCIT:C70696,umlscui:C2347682,SCTID:419808006,,,,,,,,,,,,,,,,,,,,,,,,,,,,,,,,,,,,,,,,,,,,,,,,,,,,,,,,,,,,,,,,,,,,,,,,,,,,,,,,,,,,,,,,,,,,,,,,,,,,,,,,,,,,,,,,,,,,,,,,,,,,,,,,,,,,,,,,,,,,,,,,,,,,,,,,,,,,,,,,,,,,,,,,,,,,,,,,,,,,,,,,,,,,,,,,,,,,,,,,,,,,,,,,,,,,,,,,,,,,,,,,,,,,,,,,,,,,,,,,,,,,,,,,,,,,,,,,,,,,,,,,,,,,,,,,,,,,,,,,,,,,,,,,,,,,,,,,,,,,,,,,,,,,,,,,,,,,,,,,,,,,,,,,,,,,,,,,,,,,,,,,,,,,,,,,,,,,,,,,,,,,,,,,,,,,,,,,,,,,,,,,,,,,,,,,,,,,,,,,,,,,,,
EstProbabilityESL,EstProbabilityESL,SCTID:161140009,,,,,,,,,,,,,,,,,,,,,,,,,,,,,,,,,,,,,,,,,,,,,,,,,,,,,,,,,,,,,,,,,,,,,,,,,,,,,,,,,,,,,,,,,,,,,,,,,,,,,,,,,,,,,,,,,,,,,,,,,,,,,,,,,,,,,,,,,,,,,,,,,,,,,,,,,,,,,,,,,,,,,,,,,,,,,,,,,,,,,,,,,,,,,,,,,,,,,,,,,,,,,,,,,,,,,,,,,,,,,,,,,,,,,,,,,,,,,,,,,,,,,,,,,,,,,,,,,,,,,,,,,,,,,,,,,,,,,,,,,,,,,,,,,,,,,,,,,,,,,,,,,,,,,,,,,,,,,,,,,,,,,,,,,,,,,,,,,,,,,,,,,,,,,,,,,,,,,,,,,,,,,,,,,,,,,,,,,,,,,,,,,,,,,,,,,,,,,,,,,,,,,,,,
EstHouseholdIncome,EstHouseholdIncome,NCIT: C70811,umlscui:C0557163,SCTID:224168007,SCTID:365553008,,,,,,,,,,,,,,,,,,,,,,,,,,,,,,,,,,,,,,,,,,,,,,,,,,,,,,,,,,,,,,,,,,,,,,,,,,,,,,,,,,,,,,,,,,,,,,,,,,,,,,,,,,,,,,,,,,,,,,,,,,,,,,,,,,,,,,,,,,,,,,,,,,,,,,,,,,,,,,,,,,,,,,,,,,,,,,,,,,,,,,,,,,,,,,,,,,,,,,,,,,,,,,,,,,,,,,,,,,,,,,,,,,,,,,,,,,,,,,,,,,,,,,,,,,,,,,,,,,,,,,,,,,,,,,,,,,,,,,,,,,,,,,,,,,,,,,,,,,,,,,,,,,,,,,,,,,,,,,,,,,,,,,,,,,,,,,,,,,,,,,,,,,,,,,,,,,,,,,,,,,,,,,,,,,,,,,,,,,,,,,,,,,,,,,,,,,,,,,,,,,,,,
MajorRoadwayHighwayExposure,MajorRoadwayHighwayExposure,SCTID:272510001,,,,,,,,,,,,,,,,,,,,,,,,,,,,,,,,,,,,,,,,,,,,,,,,,,,,,,,,,,,,,,,,,,,,,,,,,,,,,,,,,,,,,,,,,,,,,,,,,,,,,,,,,,,,,,,,,,,,,,,,,,,,,,,,,,,,,,,,,,,,,,,,,,,,,,,,,,,,,,,,,,,,,,,,,,,,,,,,,,,,,,,,,,,,,,,,,,,,,,,,,,,,,,,,,,,,,,,,,,,,,,,,,,,,,,,,,,,,,,,,,,,,,,,,,,,,,,,,,,,,,,,,,,,,,,,,,,,,,,,,,,,,,,,,,,,,,,,,,,,,,,,,,,,,,,,,,,,,,,,,,,,,,,,,,,,,,,,,,,,,,,,,,,,,,,,,,,,,,,,,,,,,,,,,,,,,,,,,,,,,,,,,,,,,,,,,,,,,,,,,,,,,,,,,
Prednisone,PrednisoneVisit,SMILES:C[C@]12CC(=O)[C@H]3[C@@H](CCC4=CC(=O)C=C[C@]34C)[C@@H]1CC[C@]2(O)C(=O)CO,CAS:68-59-7,CAS:53-03-2,MESH:D011241,CHEMBL:CHEMBL635,PUBCHEM:5865,Rxcui:763179,Rxcui:763181,Rxcui:795858,Rxcui:763185,Rxcui:763183,Rxcui:206837,Rxcui:206954,Rxcui:206988,Rxcui:206997,Rxcui:207048,Rxcui:1303131,Rxcui:1303134,Rxcui:1303137,Rxcui:198146,Rxcui:198148,Rxcui:205301,Rxcui:312615,Rxcui:312617,Rxcui:312687,Rxcui:1303135,Rxcui:198144,Rxcui:198145,Rxcui:1303125,Rxcui:1303132,umlscui:C1811498,umlscui:C0690124,umlscui:C2343331,umlscui:C1814982,umlscui:C1814983,umlscui:C0708023,umlscui:C0708166,umlscui:C0708220,umlscui:C0708232,umlscui:C0708301,umlscui:C3475339,umlscui:C3475342,umlscui:C3475345,umlscui:C0690123,umlscui:C0690128,umlscui:C0705898,umlscui:C0979757,umlscui:C0989249,umlscui:C0982851,umlscui:C3475343,umlscui:C0690120,umlscui:C0690121,umlscui:C3475333,umlscui:C3475340,SCTID:116602009,SCTID:325456002,SCTID:373989007,SCTID:373994007,SCTID:374058000,SCTID:374072009,SCTID:418349006,SCTID:10312003,SCTID:768296006,SCTID:722491009,,,,,,,,,,,,,,,,,,,,,,,,,,,,,,,,,,,,,,,,,,,,,,,,,,,,,,,,,,,,,,,,,,,,,,,,,,,,,,,,,,,,,,,,,,,,,,,,,,,,,,,,,,,,,,,,,,,,,,,,,,,,,,,,,,,,,,,,,,,,,,,,,,,,,,,,,,,,,,,,,,,,,,,,,,,,,,,,,,,,,,,,,,,,,,,,,,,,,,,,,,,,,,,,,,,,,,,,,,,,,,,,,,,,,,,,,,,,,,,,,,,,,,,,,,,,,,,,,,,,,,,,,,,,,,,,,,,,,,,,,,,,,,,,,,,,,,,,,,,,,,,,,,,,,,,,,,,,,,,,,,,,,,,,,,,,,,,,,,,,,,,,,
Fluticasone,FluticasoneVisit,SMILES:C[C@@H]1C[C@H]2[C@@H]3C[C@@H](C4=CC(=O)C=C[C@@]4([C@]3([C@H](C[C@@]2([C@]1(C(=O)SCF)O)C)O)F)C)F,CAS:90566-53-3,MESH:D000068298,CHEMBL:CHEMBL1473,PUBCHEM:5311101,PUBCHEM:62924,PUBCHEM:24847768,PUBCHEM:122130768,PUBCHEM:134687786,rxcui:1945044,rxcui:1945048,rxcui:1872967,rxcui:895697,rxcui:895989,rxcui:895991,rxcui:1148646,rxcui:895996,rxcui:896001,rxcui:896006,rxcui:896019,rxcui:896023,rxcui:896027,rxcui:896031,rxcui:896165,rxcui:896185,rxcui:896190,rxcui:896212,rxcui:896222,rxcui:896229,rxcui:896235,rxcui:896237,rxcui:896243,rxcui:896245,rxcui:896271,rxcui:896273,rxcui:1797892,rxcui:1797933,rxcui:1539891,rxcui:1539893,rxcui:1648785,rxcui:1648789,rxcui:1547660,rxcui:1547664,rxcui:1547668,rxcui:1547672,rxcui:2045382,rxcui:1797919,rxcui:1797909,rxcui:1797935,rxcui:1797849,rxcui:1941536,rxcui:1941607,rxcui:1941613,rxcui:1946589,rxcui:1918199,rxcui:1918205,rxcui:1918211,rxcui:1869712,rxcui:1996212,rxcui:1148643,rxcui:1148645,rxcui:895487,rxcui:895987,rxcui:895990,rxcui:895994,rxcui:895999,rxcui:896004,rxcui:896018,rxcui:896021,rxcui:896025,rxcui:896030,rxcui:896161,rxcui:896184,rxcui:896186,rxcui:896209,rxcui:896218,rxcui:896228,rxcui:896231,rxcui:896236,rxcui:896239,rxcui:896244,rxcui:896267,rxcui:896272,rxcui:896294,rxcui:896300,rxcui:1797847,rxcui:1797890,rxcui:1797907,rxcui:1945039,rxcui:1945047,rxcui:1424889,rxcui:1424899,rxcui:1547658,rxcui:1547663,rxcui:1547666,rxcui:1547671,rxcui:1648783,rxcui:1648788,rxcui:2045377,rxcui:1941531,rxcui:1941605,rxcui:1941611,rxcui:1946583,rxcui:1918194,rxcui:1918203,rxcui:1918209,umlscui:C4522960,umlscui:C4522963,umlscui:C4317657,umlscui:C0706576,umlscui:C0305765,umlscui:C1615253,umlscui:C1967995,umlscui:C1966482,umlscui:C1966478,umlscui:C1966481,umlscui:C1966484,umlscui:C0716270,umlscui:C0716271,umlscui:C1967993,umlscui:C2365544,umlscui:C1965900,umlscui:C2365549,umlscui:C1965902,umlscui:C2365556,umlscui:C1965904,umlscui:C2731892,umlscui:C2731893,umlscui:C2731899,umlscui:C2731901,umlscui:C2731918,umlscui:C2731919,umlscui:C1948380,umlscui:C3871670,umlscui:C3644433,umlscui:C3644429,umlscui:C4019671,umlscui:C4019675,umlscui:C3855286,umlscui:C3855290,umlscui:C3855294,umlscui:C3855298,umlscui:C4692143,umlscui:C4238837,umlscui:C4256547,umlscui:C4256546,umlscui:C3464355,umlscui:C4519828,umlscui:C4519849,umlscui:C4306093,umlscui:C4529476,umlscui:C4473486,umlscui:C4473491,umlscui:C4306094,umlscui:C4306086,umlscui:C4542148,umlscui:C1369303,umlscui:C1967996,umlscui:C0590979,umlscui:C0353644,umlscui:C1612888,umlscui:C2731784,umlscui:C2731787,umlscui:C1967858,umlscui:C2731795,umlscui:C2731797,umlscui:C2731800,umlscui:C2731803,umlscui:C2731853,umlscui:C2731864,umlscui:C2731865,umlscui:C1967982,umlscui:C2731881,umlscui:C1967976,umlscui:C2731888,umlscui:C1967679,umlscui:C2731895,umlscui:C2731900,umlscui:C2731914,umlscui:C1724805,umlscui:C0733334,umlscui:C0733332,umlscui:C3464350,umlscui:C1948376,umlscui:C1966837,umlscui:C4522955,umlscui:C4522962,umlscui:C3644424,umlscui:C3644432,umlscui:C3855284,umlscui:C3855289,umlscui:C3855292,umlscui:C3855297,umlscui:C4019669,umlscui:C4019674,umlscui:C4692142,umlscui:C4519823,umlscui:C4519847,umlscui:C4519852,umlscui:C4529470,umlscui:C4306273,umlscui:C4306272,umlscui:C4306271,SCTID:397192001,SCTID:426409006,SCTID:396064000,SCTID:108632003,SCTID:411106009,SCTID:350438003,SCTID:715695003,SCTID:350437008,SCTID:350436004,SCTID:715694004,SCTID:332055005,SCTID:331062003,SCTID:417260001,SCTID:332058007,SCTID:375606003,SCTID:375607007,SCTID:375608002,SCTID:320592003,SCTID:320593008,SCTID:320594002,SCTID:320595001,SCTID:425984002,SCTID:320611002,SCTID:320610001,SCTID:320618008,SCTID:320615006,SCTID:320614005,SCTID:320586009,SCTID:320587000,SCTID:320588005,SCTID:320600005,SCTID:331065001,SCTID:320580003,SCTID:320599007,SCTID:320582006,SCTID:320581004,SCTID:320602002,SCTID:320603007,SCTID:320605000,SCTID:320604001,,,,,,,,,,,,,,,,,,,,,,,,,,,,,,,,,,,,,,,,,,,,,,,,,,,,,,,,,,,,,,,,,,,,,,,,,,,,,,,,,,,,,,,,,,,,,,,,,,,,,,,,,,,,,,,,,,,,,,,,,,,,,,,,,,,,,,,,,,,,,,,,,,,,,,,,,,,,,,,,,,,,,,
Mometasone,MometasoneVisit,SMILES:C[C@@H]1C[C@H]2[C@@H]3CCC4=CC(=O)C=C[C@]4(C)[C@@]3(Cl)[C@@H](O)C[C@]2(C)[C@@]1(O)C(=O)CCl,CAS:105102-22-5,CHEMBL:CHEMBL1161,PUBCHEM:441335,rxcui:1148523,rxcui:1797870,rxcui:92582,rxcui:92583,rxcui:92584,rxcui:746804,rxcui:746811,rxcui:746813,rxcui:746815,rxcui:790280,rxcui:790284,rxcui:1536144,rxcui:1536148,rxcui:1660934,rxcui:1660938,rxcui:1246310,rxcui:1246313,rxcui:1606026,rxcui:1666829,rxcui:1734665,rxcui:1995988,rxcui:1148519,rxcui:151029,rxcui:151030,rxcui:311753,rxcui:1797865,rxcui:1536147,rxcui:1660937,rxcui:1246311,rxcui:1536142,rxcui:1660933,rxcui:1246308,rxcui:1606021,rxcui:746803,rxcui:746810,rxcui:746812,rxcui:746814,rxcui:790278,rxcui:790283,rxcui:1995983,umlscui:C3204593,umlscui:C0594491,umlscui:C0306065,umlscui:C0306066,umlscui:C0306067,umlscui:C1966488,umlscui:C1966485,umlscui:C1966486,umlscui:C1966487,umlscui:C2341622,umlscui:C2341624,umlscui:C3817741,umlscui:C3817740,umlscui:C4046150,umlscui:C4046149,umlscui:C2920355,umlscui:C2920360,umlscui:C3892495,umlscui:C4051562,umlscui:C4080470,umlscui:C4542053,umlscui:C3204589,umlscui:C0590311,umlscui:C0590312,umlscui:C0978712,umlscui:C0978713,umlscui:C3820055,umlscui:C4046868,umlscui:C2920356,umlscui:C3820057,umlscui:C4046869,umlscui:C2920351,umlscui:C3892496,umlscui:C1968000,umlscui:C1968003,umlscui:C1968004,umlscui:C1968005,umlscui:C2341620,umlscui:C2341623,umlscui:C4542048,SCTID:407753001,SCTID:407752006,SCTID:447212007,SCTID:332049000,SCTID:332051001,SCTID:332050000,SCTID:331080007,SCTID:417401001,SCTID:408026006,SCTID:408013007,SCTID:447511001,SCTID:447510000,SCTID:395990009,SCTID:395802006,SCTID:395803001,SCTID:75203002,SCTID:407754007,,,,,,,,,,,,,,,,,,,,,,,,,,,,,,,,,,,,,,,,,,,,,,,,,,,,,,,,,,,,,,,,,,,,,,,,,,,,,,,,,,,,,,,,,,,,,,,,,,,,,,,,,,,,,,,,,,,,,,,,,,,,,,,,,,,,,,,,,,,,,,,,,,,,,,,,,,,,,,,,,,,,,,,,,,,,,,,,,,,,,,,,,,,,,,,,,,,,,,,,,,,,,,,,,,,,,,,,,,,,,,,,,,,,,,,,,,,,,,,,,,,,,,,,,,,,,,,,,,,,,,,,,,,,,,,,,,,,,,,,,,,,,,,,,,,,,,,,,,,,,,,,,,,,
Budesonide,BudesonideVisit,SMILES:CCCC1O[C@@H]2C[C@H]3[C@@H]4CCC5=CC(=O)C=C[C@]5(C)[C@H]4[C@@H](O)C[C@]3(C)[C@@]2(O1)C(=O)CO,CAS:51333-22-3,MESH:D019819,CHEMBL:CHEMBL1370,PUBCHEM:5281004,rxcui:616817,rxcui:616819,rxcui:616830,rxcui:966524,rxcui:966529,rxcui:1797931,rxcui:1244215,rxcui:1246290,rxcui:1246306,rxcui:1246315,rxcui:1246317,rxcui:1366556,rxcui:1596778,rxcui:1797929,rxcui:247551,rxcui:141917,rxcui:247047,rxcui:247048,rxcui:1244214,rxcui:247042,rxcui:247691,rxcui:247481,rxcui:349094,rxcui:351109,rxcui:153173,rxcui:252559,rxcui:409732,rxcui:597829,rxcui:1246288,rxcui:1246304,rxcui:1246314,rxcui:1246316,rxcui:966522,rxcui:966527,rxcui:1366550,rxcui:1596779,rxcui:250648,umlscui:C0939010,umlscui:C1703204,umlscui:C1169541,umlscui:C1948304,umlscui:C1948306,umlscui:C0875802,umlscui:C0592462,umlscui:C1876888,umlscui:C1876887,umlscui:C1966262,umlscui:C1966261,umlscui:C3531324,umlscui:C3864313,umlscui:C0788679,umlscui:C4239003,umlscui:C0542862,umlscui:C0787972,umlscui:C0787973,umlscui:C0592460,umlscui:C4239002,umlscui:C4239004,umlscui:C0788570,umlscui:C1164602,umlscui:C1168655,umlscui:C0593930,umlscui:C0794777,umlscui:C1338988,umlscui:C1660662,umlscui:C1967742,umlscui:C1967737,umlscui:C1967738,umlscui:C1967733,umlscui:C1968012,umlscui:C1968013,umlscui:C3531318,umlscui:C3864327,umlscui:C4239005,SCTID:395726003,SCTID:317446001,SCTID:108622005,SCTID:413717007,SCTID:356117009,SCTID:350389004,SCTID:317694006,SCTID:349367000,SCTID:349366009,SCTID:320574006,SCTID:317695007,SCTID:317443009,SCTID:375834008,SCTID:320571003,SCTID:377034005,SCTID:320570002,SCTID:413721000,SCTID:410849004,SCTID:407886008,SCTID:407885007,SCTID:376245009,SCTID:331032009,SCTID:417175001,SCTID:320569003,SCTID:428160008,SCTID:428161007,SCTID:407833005,SCTID:413720004,SCTID:413722007,SCTID:413718002,SCTID:320567001,SCTID:320568006,SCTID:320565009,SCTID:134498003,SCTID:134499006,SCTID:413719005,SCTID:408023003,,,,,,,,,,,,,,,,,,,,,,,,,,,,,,,,,,,,,,,,,,,,,,,,,,,,,,,,,,,,,,,,,,,,,,,,,,,,,,,,,,,,,,,,,,,,,,,,,,,,,,,,,,,,,,,,,,,,,,,,,,,,,,,,,,,,,,,,,,,,,,,,,,,,,,,,,,,,,,,,,,,,,,,,,,,,,,,,,,,,,,,,,,,,,,,,,,,,,,,,,,,,,,,,,,,,,,,,,,,,,,,,,,,,,,,,,,,,,,,,,,,,,,,,,,,,,,,,,,,,,,,,,,,,,,,,,,,,,,,,,,,,,,,,,,,,,
Beclomethasone,BeclomethasoneVisit,SMILES:C[C@H]1C[C@H]2[C@@H]3CCC4=CC(=O)C=C[C@]4(C)[C@@]3(Cl)[C@@H](O)C[C@]2(C)[C@@]1(O)C(=O)CO,CAS:4419-39-0,MESH:D001507,CHEMBL:CHEMBL1586,PUBCHEM:20469,PUBCHEM:11957468,PUBCHEM:16218996,PUBCHEM:2308,PUBCHEM:24867475,PUBCHEM:46780650,PUBCHEM:126968472,PUBCHEM:133687604,PUBCHEM:134688323,rxcui:1797917,rxcui:966538,rxcui:966542,rxcui:1490668,rxcui:1490774,rxcui:1998772,rxcui:1998774,rxcui:1797902,rxcui:1797921,rxcui:966536,rxcui:966540,rxcui:966629,rxcui:966635,rxcui:966675,rxcui:966765,rxcui:1490666,rxcui:1490773,rxcui:1797900,rxcui:1797910,rxcui:1797920,rxcui:1797926,rxcui:1998771,rxcui:1998773,rxcui:562655,umlscui:C1967476,umlscui:C2346351,umlscui:C0939055,umlscui:C3714827,umlscui:C3817550,umlscui:C4522192,umlscui:C4522193,umlscui:C3871474,umlscui:C3281436,umlscui:C1967874,umlscui:C0974804,umlscui:C0357974,umlscui:C1166496,umlscui:C0974805,umlscui:C0357973,umlscui:C3714825,umlscui:C3714821,umlscui:C3871491,umlscui:C2747543,umlscui:C3281430,umlscui:C0795284,umlscui:C4550668,umlscui:C4550669,umlscui:C1591601,SCTID:116574000,SCTID:116575004,SCTID:426017007,SCTID:433250002,SCTID:424916002,SCTID:1389007,SCTID:432681009,SCTID:349361004,SCTID:350386006,SCTID:349368005,SCTID:376593004,SCTID:376610006,SCTID:331792000,SCTID:375598003,SCTID:376733004,SCTID:376734005,SCTID:331793005,SCTID:32460003,SCTID:320533006,SCTID:320531008,SCTID:320537007,SCTID:320532001,SCTID:375828001,SCTID:376890009,SCTID:331018007,SCTID:320535004,SCTID:320520000,SCTID:320534000,SCTID:320488008,SCTID:320530009,SCTID:320529004,SCTID:320506007,SCTID:320505006,SCTID:320487003,SCTID:320527002,SCTID:320528007,SCTID:320490009,SCTID:320492001,SCTID:320545002,SCTID:320491008,SCTID:320630002,SCTID:320632005,SCTID:407770009,SCTID:407769008,SCTID:320631003,SCTID:320543009,,,,,,,,,,,,,,,,,,,,,,,,,,,,,,,,,,,,,,,,,,,,,,,,,,,,,,,,,,,,,,,,,,,,,,,,,,,,,,,,,,,,,,,,,,,,,,,,,,,,,,,,,,,,,,,,,,,,,,,,,,,,,,,,,,,,,,,,,,,,,,,,,,,,,,,,,,,,,,,,,,,,,,,,,,,,,,,,,,,,,,,,,,,,,,,,,,,,,,,,,,,,,,,,,,,,,,,,,,,,,,,,,,,,,,,,,,,,,,,,,,,,,,,,,,,,,,,,,,,,,,,,,,,,,,,,,,,,,,,,,,,,,,,,,,,,,,,,,,,,,,
Ciclesonide,Ciclesonidevisit,SMILES:CC(C)C(=O)OCC(=O)[C@@]12O[C@@H](O[C@@H]1C[C@H]3[C@@H]4CCC5=CC(=O)C=C[C@]5(C)[C@H]4[C@@H](O)C[C@]23C)C6CCCCC6,CAS:126544-47-6,MESH:C120481,CHEMBL:CHEMBL2040682,PUBCHEM:6918155,rxcui:799037,rxcui:799040,rxcui:1797843,rxcui:1797840,rxcui:799034,rxcui:799038,rxcui:1797841,rxcui:1797838,umlscui:C2344608,umlscui:C2344611,umlscui:C2341618,umlscui:C3257739,umlscui:C2344605,umlscui:C2344609,umlscui:C2341615,umlscui:C3257733,SCTID:417000005,SCTID:416359000,SCTID:422684008,SCTID:417420004,SCTID:416739001,SCTID:424048001,SCTID:423579004,,,,,,,,,,,,,,,,,,,,,,,,,,,,,,,,,,,,,,,,,,,,,,,,,,,,,,,,,,,,,,,,,,,,,,,,,,,,,,,,,,,,,,,,,,,,,,,,,,,,,,,,,,,,,,,,,,,,,,,,,,,,,,,,,,,,,,,,,,,,,,,,,,,,,,,,,,,,,,,,,,,,,,,,,,,,,,,,,,,,,,,,,,,,,,,,,,,,,,,,,,,,,,,,,,,,,,,,,,,,,,,,,,,,,,,,,,,,,,,,,,,,,,,,,,,,,,,,,,,,,,,,,,,,,,,,,,,,,,,,,,,,,,,,,,,,,,,,,,,,,,,,,,,,,,,,,,,,,,,,,,,,,,,,,,,,,,,,,,,,,,,,,,,,,,,,,,,,,,,,,,,,,,,,,,,,,,,,,,,,,
Flunisolide,FlunisolideVisit,SMILES:O.CC1(C)O[C@@H]2CC3[C@@H]4C[C@H](F)C5=CC(=O)C=CC5(C)[C@H]4[C@@H](O)C[C@]3(C)[C@@]2(O1)C(=O)CO.CC6(C)O[C@@H]7CC8[C@@H]9C[C@H](F)C%10=CC(=O)C=CC%10(C)[C@H]9[C@@H](O)C[C@]8(C)[C@@]7(O6)C(=O)CO,CAS:77326-96-6,MESH:C007734,CHEMBL:CHEMBL1512,PUBCHEM:82153,rxcui:1245275,rxcui:1245277,rxcui:828927,rxcui:1245270,rxcui:1245276,rxcui:1797863,umlscui:C3265693,umlscui:C3265695,umlscui:C0976950,umlscui:C3265688,umlscui:C3265694,umlscui:C3495487,SCTID:116588001,SCTID:43879000,SCTID:427809006,SCTID:374314009,SCTID:331035006,SCTID:66125007,SCTID:422287006,,,,,,,,,,,,,,,,,,,,,,,,,,,,,,,,,,,,,,,,,,,,,,,,,,,,,,,,,,,,,,,,,,,,,,,,,,,,,,,,,,,,,,,,,,,,,,,,,,,,,,,,,,,,,,,,,,,,,,,,,,,,,,,,,,,,,,,,,,,,,,,,,,,,,,,,,,,,,,,,,,,,,,,,,,,,,,,,,,,,,,,,,,,,,,,,,,,,,,,,,,,,,,,,,,,,,,,,,,,,,,,,,,,,,,,,,,,,,,,,,,,,,,,,,,,,,,,,,,,,,,,,,,,,,,,,,,,,,,,,,,,,,,,,,,,,,,,,,,,,,,,,,,,,,,,,,,,,,,,,,,,,,,,,,,,,,,,,,,,,,,,,,,,,,,,,,,,,,,,,,,,,,,,,,,,,,,,,,,,,,,,,,
Albuterol,AlbuterolVisit,SMILES:CC(C)(C)NCC(O)c1ccc(O)c(CO)c1,CAS:18559-94-9,CAS:35763-26-9,MESH:D000420,CHEMBL:CHEMBL1002,CHEMBL:CHEMBL714,PUBCHEM:2083,rxcui:836366,rxcui:1190225,rxcui:746763,rxcui:1437704,rxcui:352051,rxcui:901483,rxcui:901484,rxcui:745752,rxcui:1649961,rxcui:801095,rxcui:859088,rxcui:197318,rxcui:359144,rxcui:197316,rxcui:745679,rxcui:801092,rxcui:836286,rxcui:1649560,rxcui:755497,rxcui:247044,rxcui:1190220,rxcui:252298,rxcui:245314,rxcui:359145,rxcui:392321,rxcui:1362214,rxcui:104514,rxcui:247840,rxcui:307779,rxcui:351137,rxcui:630208,rxcui:108889,rxcui:351136,rxcui:1437702,rxcui:1945738,umlscui:C1971016,umlscui:C3245071,umlscui:C1951493,umlscui:C1585547,umlscui:C1169664,umlscui:C2741573,umlscui:C2741574,umlscui:C1737294,umlscui:C4018762,umlscui:C2345814,umlscui:C0697412,umlscui:C0687804,umlscui:C1177305,umlscui:C0687801,umlscui:C1967434,umlscui:C2345811,umlscui:C1163939,umlscui:C4020010,umlscui:C0687802,umlscui:C0787965,umlscui:C3245066,umlscui:C0794471,umlscui:C0785994,umlscui:C1177306,umlscui:C1300039,umlscui:C0791615,umlscui:C0354696,umlscui:C0789036,umlscui:C0973882,umlscui:C1168689,umlscui:C1696556,umlscui:C0361785,umlscui:C1168688,umlscui:C1164703,umlscui:C4529300,SCTID:372897005,SCTID:48474002,SCTID:320104002,SCTID:320106000,SCTID:374289006,SCTID:91143003,SCTID:421685007,SCTID:424916002,SCTID:346679009,SCTID:135639005,SCTID:135640007,SCTID:376560008,SCTID:320108004,SCTID:320096005,SCTID:320107009,SCTID:376561007,SCTID:320099003,SCTID:320100006,SCTID:376928006,SCTID:320116008,SCTID:135641006,SCTID:320176004,SCTID:375818005,SCTID:375336001,SCTID:375337005,SCTID:320171009,SCTID:320117004,SCTID:413472005,SCTID:320118009,SCTID:320119001,SCTID:320177008,SCTID:320180009,SCTID:320139002,SCTID:320179006,SCTID:320178003,SCTID:320134007,SCTID:320135008,SCTID:320132006,SCTID:320133001,SCTID:320136009,SCTID:320148007,SCTID:377493006,SCTID:320141001,SCTID:377496003,SCTID:320151000,,,,,,,,,,,,,,,,,,,,,,,,,,,,,,,,,,,,,,,,,,,,,,,,,,,,,,,,,,,,,,,,,,,,,,,,,,,,,,,,,,,,,,,,,,,,,,,,,,,,,,,,,,,,,,,,,,,,,,,,,,,,,,,,,,,,,,,,,,,,,,,,,,,,,,,,,,,,,,,,,,,,,,,,,,,,,,,,,,,,,,,,,,,,,,,,,,,,,,,,,,,,,,,,,,,,,,,,,,,,,,,,,,,,,,,,,,,,,,,,,,,,,,,,,,,,,,,,,,,,,,,,,,,,,,,,,,,,,,,,,,,,,,,
Metaproterenol,MetaproterenolVisit,SMILES:CC(C)NCC(O)c1cc(O)cc(O)c1,CAS:586-06-1,MESH:D009921,PUBCHEM:4086,rxcui:979316,rxcui:979379,rxcui:979409,rxcui:979415,rxcui:979444,rxcui:979475,rxcui:979489,rxcui:991632,umlscui:C0978480,umlscui:C0978476,umlscui:C0689498,umlscui:C0978479,umlscui:C1878050,umlscui:C0689500,umlscui:C0978475,umlscui:C0978477,SCTID:372797004,SCTID:54172006,SCTID:387857009,SCTID:320324008,SCTID:6067003,SCTID:387852003,SCTID:438947006,SCTID:320325009,SCTID:376006009,SCTID:371698001,SCTID:376747000,SCTID:371696002,SCTID:371697006,,,,,,,,,,,,,,,,,,,,,,,,,,,,,,,,,,,,,,,,,,,,,,,,,,,,,,,,,,,,,,,,,,,,,,,,,,,,,,,,,,,,,,,,,,,,,,,,,,,,,,,,,,,,,,,,,,,,,,,,,,,,,,,,,,,,,,,,,,,,,,,,,,,,,,,,,,,,,,,,,,,,,,,,,,,,,,,,,,,,,,,,,,,,,,,,,,,,,,,,,,,,,,,,,,,,,,,,,,,,,,,,,,,,,,,,,,,,,,,,,,,,,,,,,,,,,,,,,,,,,,,,,,,,,,,,,,,,,,,,,,,,,,,,,,,,,,,,,,,,,,,,,,,,,,,,,,,,,,,,,,,,,,,,,,,,,,,,,,,,,,,,,,,,,,,,,,,,,,,,,,,,,,,,,,,,,,,,
Diphenhydramine,DiphenhydramineVisit,SMILES:CN(C)CCOC(c1ccccc1)c2ccccc2,CAS:58-73-1,MESH:D004155,CHEMBL:CHEMBL657,CHEMBL:CHEMBL1200406,PUBCHEM:3100,rxcui:1233692,rxcui:1052466,rxcui:1052469,rxcui:1053142,rxcui:1085968,rxcui:1086767,rxcui:1087030,rxcui:1087037,rxcui:1092093,rxcui:1233662,rxcui:1090076,rxcui:1090078,rxcui:1090456,rxcui:1092416,rxcui:1092428,rxcui:1092454,rxcui:1093102,rxcui:1093113,rxcui:1483617,rxcui:1488218,rxcui:1648369,rxcui:1789738,rxcui:1297952,rxcui:1093222,rxcui:1094451,rxcui:1094718,rxcui:1099876,rxcui:1101111,rxcui:1111095,rxcui:1112713,rxcui:1116532,rxcui:1146883,rxcui:1086857,rxcui:1086986,rxcui:1049632,rxcui:1049725,rxcui:1049882,rxcui:1049901,rxcui:1049908,rxcui:1049910,rxcui:882506,rxcui:1020479,rxcui:1092382,rxcui:1092421,rxcui:1092422,rxcui:1092424,rxcui:1092446,rxcui:1092447,rxcui:1092456,rxcui:1092633,rxcui:1093377,rxcui:1094188,rxcui:1232646,rxcui:1297519,rxcui:1094214,rxcui:1117539,rxcui:1087609,rxcui:1092351,rxcui:1092365,rxcui:1092464,rxcui:1094338,rxcui:1094393,rxcui:1086859,rxcui:1092375,rxcui:1092378,rxcui:1093077,rxcui:1093085,rxcui:1092466,rxcui:1297412,rxcui:1052645,rxcui:1297564,rxcui:1111764,rxcui:1293717,rxcui:1294591,rxcui:1294592,rxcui:1088465,rxcui:901818,rxcui:1294350,rxcui:1086723,rxcui:1088846,rxcui:1294196,rxcui:1294199,rxcui:1294596,rxcui:1297516,rxcui:1049176,rxcui:1297949,rxcui:1094385,rxcui:1294194,rxcui:1190450,rxcui:895666,rxcui:902633,rxcui:1314976,rxcui:1363475,rxcui:1437774,rxcui:1549559,rxcui:1658757,rxcui:1420997,rxcui:1437306,rxcui:1437725,rxcui:1488693,rxcui:1488702,rxcui:1494599,rxcui:1535603,rxcui:1535708,rxcui:1536447,rxcui:1550963,rxcui:1593116,rxcui:1992526,rxcui:1608065,rxcui:1609070,rxcui:1648227,rxcui:1724486,rxcui:1789746,rxcui:1235322,rxcui:1235380,rxcui:1248356,rxcui:1248360,rxcui:1250909,rxcui:1241621,rxcui:1245403,rxcui:1297575,rxcui:1310481,rxcui:1310485,rxcui:1926557,rxcui:1919073,rxcui:1922727,rxcui:1092461,rxcui:1926221,rxcui:1020477,rxcui:1085945,rxcui:1087607,rxcui:1093075,rxcui:1093083,rxcui:1298288,rxcui:2059045,rxcui:1049091,rxcui:1049098,rxcui:1049289,rxcui:1049633,rxcui:1049723,rxcui:1049880,rxcui:1049884,rxcui:1049888,rxcui:1049898,rxcui:1050077,rxcui:1050080,rxcui:1050385,rxcui:1053138,rxcui:1087026,rxcui:1092373,rxcui:1145951,rxcui:1375932,rxcui:1420992,rxcui:1535702,rxcui:1653139,rxcui:1723740,rxcui:1723776,rxcui:1232642,rxcui:1235317,rxcui:1236048,rxcui:1245398,rxcui:1248354,rxcui:1251836,rxcui:1292097,rxcui:1292313,rxcui:1292321,rxcui:1294589,rxcui:1294614,rxcui:1297514,rxcui:1298287,rxcui:1298467,rxcui:1942340,rxcui:1996098,rxcui:1049900,rxcui:1049904,rxcui:1052462,rxcui:1052467,rxcui:882504,rxcui:1233575,rxcui:1251776,rxcui:1294348,rxcui:1294567,rxcui:1099872,rxcui:895664,rxcui:1593110,rxcui:1291868,rxcui:1292323,rxcui:1297947,rxcui:1291991,rxcui:1046751,rxcui:1049630,rxcui:1049909,rxcui:1052928,rxcui:1092189,rxcui:1092398,rxcui:1093098,rxcui:1117245,rxcui:1147619,rxcui:901814,rxcui:1550957,rxcui:1659175,rxcui:1659960,rxcui:1291711,rxcui:1294557,rxcui:1297517,rxcui:1312784,rxcui:2046528,rxcui:1293964,rxcui:1049906,rxcui:1086720,rxcui:1094131,rxcui:1251783,rxcui:1294594,rxcui:1294602,rxcui:1291867,rxcui:1664631,rxcui:1664658,rxcui:1789740,rxcui:1190448,rxcui:1294370,rxcui:1294372,rxcui:1537194,rxcui:1537340,rxcui:1809636,rxcui:1249715,rxcui:1249717,rxcui:1250907,rxcui:1291961,rxcui:1294322,rxcui:1294365,rxcui:1294366,rxcui:1294376,rxcui:1297410,rxcui:1297950,rxcui:1298348,rxcui:1310475,rxcui:1310483,umlscui:C3249838,umlscui:C2961230,umlscui:C1966623,umlscui:C2961550,umlscui:C0710420,umlscui:C2962545,umlscui:C2962729,umlscui:C2962733,umlscui:C0710394,umlscui:C3249809,umlscui:C2979106,umlscui:C2979108,umlscui:C2979177,umlscui:C0710401,umlscui:C2370127,umlscui:C2370174,umlscui:C2586469,umlscui:C0710316,umlscui:C3245048,umlscui:C3709736,umlscui:C4019484,umlscui:C4237811,umlscui:C2978894,umlscui:C2980718,umlscui:C0710377,umlscui:C3152278,umlscui:C3153662,umlscui:C3154175,umlscui:C3159420,umlscui:C3160222,umlscui:C3163535,umlscui:C3192005,umlscui:C0710423,umlscui:C0710408,umlscui:C0710392,umlscui:C0715994,umlscui:C0715389,umlscui:C0715391,umlscui:C1329338,umlscui:C0697421,umlscui:C1642798,umlscui:C2940395,umlscui:C0710387,umlscui:C0710389,umlscui:C0710297,umlscui:C0710349,umlscui:C0710398,umlscui:C0710301,umlscui:C0710364,umlscui:C0710395,umlscui:C0710300,umlscui:C0710359,umlscui:C0713131,umlscui:C0715978,umlscui:C0710367,umlscui:C0714624,umlscui:C1631089,umlscui:C0711604,umlscui:C0711606,umlscui:C0710400,umlscui:C0710314,umlscui:C0710379,umlscui:C0710425,umlscui:C1637859,umlscui:C0711613,umlscui:C2961233,umlscui:C0711672,umlscui:C0876592,umlscui:C1169490,umlscui:C1878604,umlscui:C1329687,umlscui:C1658555,umlscui:C1656904,umlscui:C1877255,umlscui:C1877256,umlscui:C1654649,umlscui:C1724013,umlscui:C1738621,umlscui:C2962514,umlscui:C1877259,umlscui:C2343768,umlscui:C2722500,umlscui:C1877342,umlscui:C1964744,umlscui:C2342927,umlscui:C1877877,umlscui:C2586576,umlscui:C2586863,umlscui:C2723199,umlscui:C2731591,umlscui:C2343501,umlscui:C3500667,umlscui:C3528836,umlscui:C3666810,umlscui:C3856087,umlscui:C4032992,umlscui:C3555080,umlscui:C3666558,umlscui:C3666785,umlscui:C3709991,umlscui:C3692152,umlscui:C3714747,umlscui:C3817780,umlscui:C3817771,umlscui:C3817723,umlscui:C3857808,umlscui:C3859488,umlscui:C4535498,umlscui:C4018369,umlscui:C4018598,umlscui:C4018759,umlscui:C4059793,umlscui:C4237819,umlscui:C3249403,umlscui:C3254776,umlscui:C3249766,umlscui:C3268209,umlscui:C0715313,umlscui:C3257095,umlscui:C3265742,umlscui:C1329745,umlscui:C3497698,umlscui:C3497702,umlscui:C4489717,umlscui:C4473852,umlscui:C4476017,umlscui:C0710303,umlscui:C4477998,umlscui:C0710311,umlscui:C2962205,umlscui:C0789590,umlscui:C2920191,umlscui:C0783354,umlscui:C1614863,SCTID:372682005,SCTID:19510001,SCTID:320730006,SCTID:320726008,SCTID:374346009,SCTID:374347000,SCTID:420700002,SCTID:441834006,SCTID:322377005,SCTID:26458009,SCTID:420943003,SCTID:423936008,SCTID:412377008,SCTID:430971000,SCTID:429979001,SCTID:430140005,SCTID:420413009,SCTID:421236006,SCTID:422227009,SCTID:420639000,SCTID:419106007,SCTID:331636008,SCTID:320727004,SCTID:407877003,SCTID:392560004,SCTID:392558001,SCTID:392561000,SCTID:392556002,SCTID:392557006,SCTID:423376005,SCTID:392555003,SCTID:412493000
Fexofenadine,FexofenadineVisit,SMILES:CC(C)(C(O)=O)c1ccc(cc1)C(O)CCCN2CCC(CC2)C(O)(c3ccccc3)c4ccccc4,CAS:159389-12-5,CAS:76815-58-2,CAS:83799-24-0,MESH:C093230,CHEMBL:CHEMBL914,PUBCHEM:3348,rxcui:1116528,rxcui:1670344,rxcui:1192737,rxcui:997512,rxcui:997515,rxcui:997422,rxcui:997484,rxcui:997493,rxcui:997502,rxcui:1488053,rxcui:1190331,rxcui:1190334,rxcui:997406,rxcui:997415,rxcui:997420,rxcui:997482,rxcui:997488,rxcui:997491,rxcui:997494,rxcui:997501,rxcui:997550,umlscui:C3163531,umlscui:C4048787,umlscui:C3247651,umlscui:C0716180,umlscui:C1616745,umlscui:C0938972,umlscui:C1965892,umlscui:C1813542,umlscui:C0875865,umlscui:C3709686,umlscui:C3245135,umlscui:C3245138,umlscui:C0976924,umlscui:C1576499,umlscui:C0976919,umlscui:C1964496,umlscui:C0976920,umlscui:C1813539,umlscui:C0976921,umlscui:C0976923,umlscui:C0976918,SCTID:372522002,SCTID:108653007,SCTID:376716006,SCTID:371748006,SCTID:320828002,SCTID:320826003,SCTID:371749003,SCTID:108650005,SCTID:423074002,SCTID:371750003,SCTID:400883003,SCTID:371751004,SCTID:409176001,,,,,,,,,,,,,,,,,,,,,,,,,,,,,,,,,,,,,,,,,,,,,,,,,,,,,,,,,,,,,,,,,,,,,,,,,,,,,,,,,,,,,,,,,,,,,,,,,,,,,,,,,,,,,,,,,,,,,,,,,,,,,,,,,,,,,,,,,,,,,,,,,,,,,,,,,,,,,,,,,,,,,,,,,,,,,,,,,,,,,,,,,,,,,,,,,,,,,,,,,,,,,,,,,,,,,,,,,,,,,,,,,,,,,,,,,,,,,,,,,,,,,,,,,,,,,,,,,,,,,,,,,,,,,,,,,,,,,,,,,,,,,,,,,,,,,,,,,,,,,,,,,,,,,,,,,,,,,,,,,,,,,,,,,,,,,,,,,,,,,,,,,,,
Cetirizine,CetirizineVisit,SMILES:OC(=O)COCCN1CCN(CC1)C(c2ccccc2)c3ccc(Cl)cc3,CAS:83881-51-0,MESH:D017332,CHEMBL:CHEMBL896,CHEMBL:CHEMBL1000,PUBCHEM:2678,rxcui:1086794,rxcui:1087169,rxcui:1549337,rxcui:1014583,rxcui:1011485,rxcui:1014677,rxcui:1020021,rxcui:1020022,rxcui:1020023,rxcui:1020026,rxcui:1991946,rxcui:1020017,rxcui:1014573,rxcui:1014577,rxcui:1014580,rxcui:1020019,rxcui:1020025,rxcui:1428983,rxcui:1482533,rxcui:1011482,rxcui:1014571,rxcui:1014643,rxcui:1014673,rxcui:1014674,rxcui:1014675,rxcui:1014676,rxcui:1014678,umlscui:C2962569,umlscui:C2962778,umlscui:C3855922,umlscui:C1169599,umlscui:C2938114,umlscui:C0712511,umlscui:C0353582,umlscui:C1585241,umlscui:C2741068,umlscui:C0712510,umlscui:C4521179,umlscui:C2722888,umlscui:C2741217,umlscui:C2911898,umlscui:C2756955,umlscui:C2918106,umlscui:C2756141,umlscui:C3651097,umlscui:C3693105,umlscui:C2938112,umlscui:C1168673,umlscui:C1509279,umlscui:C0792562,umlscui:C1509275,umlscui:C2741066,umlscui:C0982629,umlscui:C0975470,SCTID:372523007,SCTID:108656004,SCTID:371746005,SCTID:320818006,SCTID:108655000,SCTID:409491005,SCTID:409492003,SCTID:375573004,SCTID:320820009,SCTID:400462001,SCTID:377275008,,,,,,,,,,,,,,,,,,,,,,,,,,,,,,,,,,,,,,,,,,,,,,,,,,,,,,,,,,,,,,,,,,,,,,,,,,,,,,,,,,,,,,,,,,,,,,,,,,,,,,,,,,,,,,,,,,,,,,,,,,,,,,,,,,,,,,,,,,,,,,,,,,,,,,,,,,,,,,,,,,,,,,,,,,,,,,,,,,,,,,,,,,,,,,,,,,,,,,,,,,,,,,,,,,,,,,,,,,,,,,,,,,,,,,,,,,,,,,,,,,,,,,,,,,,,,,,,,,,,,,,,,,,,,,,,,,,,,,,,,,,,,,,,,,,,,,,,,,,,,,,,,,,,,,,,,,,,,,,,,,,,,,,,,,,,,,,,,,
Ipratropium,IpratropiumVisit,SMILES:CC(C)[N+]1(C2CCC1CC(C2)OC(=O)C(CO)c3ccccc3)C.[Br-],CAS:66985-17-9,MESH:D009241,CHEMBL:CHEMBL1464005,PUBCHEM:657309,PUBCHEM:3746,PUBCHEM:43232,PUBCHEM:25897919,PUBCHEM:6604365,rxcui:836366,rxcui:836368,rxcui:1797835,rxcui:1797845,rxcui:1190225,rxcui:1437704,rxcui:108889,rxcui:107667,rxcui:836286,rxcui:836343,rxcui:836344,rxcui:836347,rxcui:836354,rxcui:836356,rxcui:836358,rxcui:836361,rxcui:1362214,rxcui:1797833,rxcui:1797844,rxcui:1437702,rxcui:1190220,rxcui:1945738,umlscui:C1971016,umlscui:C1639201,umlscui:C1613500,umlscui:C0713820,umlscui:C3245071,umlscui:C1585547,umlscui:C0361785,umlscui:C0360052,umlscui:C1163939,umlscui:C1533036,umlscui:C1995668,umlscui:C0704800,umlscui:C0361081,umlscui:C0704801,umlscui:C0981517,umlscui:C0354769,umlscui:C0791615,umlscui:C1995694,umlscui:C1995842,umlscui:C1164703,umlscui:C3245066,umlscui:C4529300,SCTID:372518007,SCTID:386881005,SCTID:725862005,SCTID:108624006,SCTID:423164002,SCTID:421685007,SCTID:430316007,SCTID:430475000,SCTID:375220000,SCTID:331054006,SCTID:371689004,SCTID:414537003,SCTID:320348004,SCTID:320350007,SCTID:414538008,SCTID:320339009,SCTID:320340006,SCTID:320346000,SCTID:371694004,SCTID:320347009,SCTID:377496003,SCTID:320345001,SCTID:377493006,,,,,,,,,,,,,,,,,,,,,,,,,,,,,,,,,,,,,,,,,,,,,,,,,,,,,,,,,,,,,,,,,,,,,,,,,,,,,,,,,,,,,,,,,,,,,,,,,,,,,,,,,,,,,,,,,,,,,,,,,,,,,,,,,,,,,,,,,,,,,,,,,,,,,,,,,,,,,,,,,,,,,,,,,,,,,,,,,,,,,,,,,,,,,,,,,,,,,,,,,,,,,,,,,,,,,,,,,,,,,,,,,,,,,,,,,,,,,,,,,,,,,,,,,,,,,,,,,,,,,,,,,,,,,,,,,,,,,,,,,,,,,,,,,,,,,,,,,,,,,,,,,,,,,,,,,,,,,,,,,,,,,,,,,,,,,
Salmeterol,SalmeterolVisit,SMILES:OCc1cc(ccc1O)C(O)CNCCCCCCOCCCCc2ccccc2,CAS:89365-50-4,CHEMBL:CHEMBL1263,PUBCHEM:5152,rxcui:866047,rxcui:866049,rxcui:896165,rxcui:896185,rxcui:896190,rxcui:896212,rxcui:896222,rxcui:896229,rxcui:896235,rxcui:896237,rxcui:896243,rxcui:896245,rxcui:896271,rxcui:896273,rxcui:1918199,rxcui:1918205,rxcui:1918211,rxcui:312897,rxcui:896231,rxcui:896236,rxcui:896239,rxcui:896244,rxcui:896267,rxcui:896272,rxcui:866044,rxcui:866048,rxcui:896161,rxcui:896184,rxcui:896186,rxcui:896209,rxcui:896218,rxcui:896228,rxcui:1918194,rxcui:1918203,rxcui:1918209,umlscui:C2723055,umlscui:C2723057,umlscui:C2365544,umlscui:C1965900,umlscui:C2365549,umlscui:C1965902,umlscui:C2365556,umlscui:C1965904,umlscui:C2731892,umlscui:C2731893,umlscui:C2731899,umlscui:C2731901,umlscui:C2731918,umlscui:C2731919,umlscui:C4473486,umlscui:C4473491,umlscui:C4306094,umlscui:C0980094,umlscui:C2731888,umlscui:C1967679,umlscui:C2731895,umlscui:C2731900,umlscui:C2731914,umlscui:C1724805,umlscui:C2723052,umlscui:C2723056,umlscui:C2731853,umlscui:C2731864,umlscui:C2731865,umlscui:C1967982,umlscui:C2731881,umlscui:C1967976,umlscui:C4306273,umlscui:C4306272,umlscui:C4306271,SCTID:372515005,SCTID:108606009,SCTID:108605008,SCTID:411106009,SCTID:320244004,SCTID:376941005,SCTID:376975006,SCTID:376030006,SCTID:320249009,SCTID:320248001,SCTID:320250009,SCTID:320274007,SCTID:320276009,SCTID:320275008,SCTID:320280004,SCTID:320277000,SCTID:320279002,,,,,,,,,,,,,,,,,,,,,,,,,,,,,,,,,,,,,,,,,,,,,,,,,,,,,,,,,,,,,,,,,,,,,,,,,,,,,,,,,,,,,,,,,,,,,,,,,,,,,,,,,,,,,,,,,,,,,,,,,,,,,,,,,,,,,,,,,,,,,,,,,,,,,,,,,,,,,,,,,,,,,,,,,,,,,,,,,,,,,,,,,,,,,,,,,,,,,,,,,,,,,,,,,,,,,,,,,,,,,,,,,,,,,,,,,,,,,,,,,,,,,,,,,,,,,,,,,,,,,,,,,,,,,,,,,,,,,,,,,,,,,,,,,,,,,,,,,,,,,,,,,,,,,,,,,,,,,,
Arformoterol,ArformoterolVisit,SMILES:COc1ccc(C[C@@H](C)NC[C@H](O)c2ccc(O)c(NC=O)c2)cc1,CAS:208102-40-3,CAS:289657-27-8,CAS:299964-45-7,CAS:67346-49-0,CHEMBL:CHEMBL1363,PUBCHEM:3083544,rxcui:695935,rxcui:668956,umlscui:C1876458,umlscui:C1813289,SCTID:423347007,SCTID:427097003,SCTID:423317005,SCTID:424662007,,,,,,,,,,,,,,,,,,,,,,,,,,,,,,,,,,,,,,,,,,,,,,,,,,,,,,,,,,,,,,,,,,,,,,,,,,,,,,,,,,,,,,,,,,,,,,,,,,,,,,,,,,,,,,,,,,,,,,,,,,,,,,,,,,,,,,,,,,,,,,,,,,,,,,,,,,,,,,,,,,,,,,,,,,,,,,,,,,,,,,,,,,,,,,,,,,,,,,,,,,,,,,,,,,,,,,,,,,,,,,,,,,,,,,,,,,,,,,,,,,,,,,,,,,,,,,,,,,,,,,,,,,,,,,,,,,,,,,,,,,,,,,,,,,,,,,,,,,,,,,,,,,,,,,,,,,,,,,,,,,,,,,,,,,,,,,,,,,,,,,,,,,,,,,,,,,,,,,,,,,,,,,,,,,,,,,,,,,,,,,,,,,,,,,,,,,
Formoterol,FormoterolVisit,SMILES:COc1ccc(CC(C)NCC(O)c2ccc(O)c(NC=O)c2)cc1,CAS:73573-87-2,CHEMBL:CHEMBL605993,CHEMBL:CHEMBL1256786,CHEMBL:CHEMBL1363,PUBCHEM:3410,PUBCHEM:3083544,PUBCHEM:3034756,rxcui:1246328,rxcui:1246290,rxcui:1246306,rxcui:1246315,rxcui:1246317,rxcui:1246321,rxcui:1660934,rxcui:1660938,rxcui:1246310,rxcui:1246313,rxcui:1790644,rxcui:409732,rxcui:597829,rxcui:1790639,rxcui:1246326,rxcui:1660933,rxcui:1660937,rxcui:1246288,rxcui:1246304,rxcui:1246308,rxcui:1246311,rxcui:1246314,rxcui:1246316,rxcui:1246319,umlscui:C0938989,umlscui:C1876888,umlscui:C1876887,umlscui:C1966262,umlscui:C1966261,umlscui:C1964839,umlscui:C4046150,umlscui:C4046149,umlscui:C2920355,umlscui:C2920360,umlscui:C4238171,umlscui:C1338988,umlscui:C1660662,umlscui:C4238166,umlscui:C1164681,umlscui:C4046869,umlscui:C4046868,umlscui:C1967742,umlscui:C1967737,umlscui:C2920351,umlscui:C2920356,umlscui:C1967738,umlscui:C1967733,umlscui:C1951666,SCTID:447212007,SCTID:429505002,SCTID:426833006,SCTID:134498003,SCTID:134499006,SCTID:447511001,SCTID:447510000,SCTID:408023003,SCTID:414289007,SCTID:129490002,SCTID:447213002,SCTID:386171009,SCTID:413717007,,,,,,,,,,,,,,,,,,,,,,,,,,,,,,,,,,,,,,,,,,,,,,,,,,,,,,,,,,,,,,,,,,,,,,,,,,,,,,,,,,,,,,,,,,,,,,,,,,,,,,,,,,,,,,,,,,,,,,,,,,,,,,,,,,,,,,,,,,,,,,,,,,,,,,,,,,,,,,,,,,,,,,,,,,,,,,,,,,,,,,,,,,,,,,,,,,,,,,,,,,,,,,,,,,,,,,,,,,,,,,,,,,,,,,,,,,,,,,,,,,,,,,,,,,,,,,,,,,,,,,,,,,,,,,,,,,,,,,,,,,,,,,,,,,,,,,,,,,,,,,,,,,,,,,,,,,,,,,,,,,,,,,,,,,,,,,,,,,,,
Indacaterol,IndacaterolVisit,SMILES:CCc1cc2CC(Cc2cc1CC)NCC(O)c3ccc(O)c4NC(=O)C=Cc34,CAS:312753-06-3,MESH:C510790,CHEMBL:CHEMBL1346,CHEMBL:CHEMBL1095777,PUBCHEM:6918554,rxcui:1114333,rxcui:1720953,rxcui:1546335,rxcui:1720948,rxcui:1114329,umlscui:C3162480,umlscui:C4058515,umlscui:C3839191,umlscui:C4057844,umlscui:C3162476,SCTID:703740005,SCTID:702801003,SCTID:702802005,SCTID:703741009,SCTID:703742002,,,,,,,,,,,,,,,,,,,,,,,,,,,,,,,,,,,,,,,,,,,,,,,,,,,,,,,,,,,,,,,,,,,,,,,,,,,,,,,,,,,,,,,,,,,,,,,,,,,,,,,,,,,,,,,,,,,,,,,,,,,,,,,,,,,,,,,,,,,,,,,,,,,,,,,,,,,,,,,,,,,,,,,,,,,,,,,,,,,,,,,,,,,,,,,,,,,,,,,,,,,,,,,,,,,,,,,,,,,,,,,,,,,,,,,,,,,,,,,,,,,,,,,,,,,,,,,,,,,,,,,,,,,,,,,,,,,,,,,,,,,,,,,,,,,,,,,,,,,,,,,,,,,,,,,,,,,,,,,,,,,,,,,,,,,,,,,,,,,,,,,,,,,,,,,,,,,,,,,,,,,,,,,,,,,,,,,,,,,,,,,,,,,,
Theophylline,TheophyllineVisit,SMILES:CN1C(=O)N(C)c2nc[nH]c2C1=O,CAS:58-55-9,CAS:56645-32-0,CAS:75448-53-2,CAS:46157-00-0,MESH:D013806,CHEMBL:CHEMBL589251,CHEMBL:CHEMBL190,CHEMBL:CHEMBL221190,CHEMBL:CHEMBL1200406,PUBCHEM:2153,rxcui:208266,rxcui:208278,rxcui:313277,rxcui:756226,rxcui:844590,rxcui:844591,rxcui:844813,rxcui:844829,rxcui:844831,rxcui:844832,rxcui:208262,rxcui:108870,rxcui:1115987,rxcui:1115993,rxcui:198255,rxcui:198256,rxcui:198257,rxcui:198258,rxcui:198261,rxcui:198262,rxcui:198263,rxcui:237178,rxcui:313263,rxcui:313280,rxcui:313284,rxcui:313285,rxcui:313297,rxcui:313298,rxcui:313302,rxcui:313304,rxcui:313310,rxcui:314240,rxcui:314241,rxcui:317769,rxcui:348472,rxcui:425539,rxcui:701712,rxcui:198260,rxcui:198264,rxcui:199331,rxcui:313264,rxcui:313272,rxcui:313291,rxcui:317831,rxcui:346574,rxcui:411090,rxcui:706550,rxcui:313306,rxcui:199809,rxcui:434104,rxcui:104553,rxcui:346733,umlscui:C0709767,umlscui:C0709784,umlscui:C0980573,umlscui:C0709725,umlscui:C2682140,umlscui:C2682141,umlscui:C2682359,umlscui:C2682375,umlscui:C2682377,umlscui:C2682378,umlscui:C0709763,umlscui:C0361759,umlscui:C0792754,umlscui:C0792525,umlscui:C0690477,umlscui:C0690479,umlscui:C0690481,umlscui:C0690482,umlscui:C0690489,umlscui:C0690492,umlscui:C0690494,umlscui:C0772554,umlscui:C0980558,umlscui:C0980576,umlscui:C0980580,umlscui:C0980581,umlscui:C0980594,umlscui:C0980595,umlscui:C0980600,umlscui:C0980602,umlscui:C0980610,umlscui:C0981749,umlscui:C0981750,umlscui:C0994337,umlscui:C1163864,umlscui:C1354807,umlscui:C1878493,umlscui:C0690486,umlscui:C0690496,umlscui:C0692756,umlscui:C0980559,umlscui:C0980568,umlscui:C0980588,umlscui:C0994450,umlscui:C1161581,umlscui:C1340346,umlscui:C1948868,umlscui:C0980604,umlscui:C0693467,umlscui:C1363374,umlscui:C0354787,umlscui:C1161776,SCTID:387796005,SCTID:320415003,SCTID:376735006,SCTID:320416002,SCTID:320425008,SCTID:386166002,SCTID:320423001,SCTID:320422006,SCTID:411110007,SCTID:374309005,SCTID:320417006,SCTID:320419009,SCTID:386165003,SCTID:320420003,SCTID:375710006,SCTID:411111006,SCTID:320421004,SCTID:411112004,SCTID:411109002,SCTID:320400004,SCTID:376404004,SCTID:376374002,SCTID:375735000,SCTID:386128000,SCTID:386167006,SCTID:377449006,SCTID:377444001,SCTID:377443007,SCTID:377451005,SCTID:377452003,SCTID:377562007,SCTID:377372009,SCTID:372810006,SCTID:111131008,SCTID:45940009,SCTID:734516006,SCTID:387431001,SCTID:96241008,SCTID:6865007,SCTID:376379007,SCTID:376676009,SCTID:320414004,SCTID:376736007,SCTID:374689000,SCTID:376000003,SCTID:376588002,SCTID:376605007,SCTID:374687003,SCTID:375415002,SCTID:375416001,SCTID:374273008,SCTID:374280005,SCTID:375513006,SCTID:374277009,SCTID:374278004,SCTID:320471001,SCTID:377445000,SCTID:320470000,SCTID:377450006,SCTID:66493003,SCTID:398682007,SCTID:398973004,SCTID:75748004,SCTID:398769007,SCTID:398842002,SCTID:387797001,SCTID:430224000,,,,,,,,,,,,,,,,,,,,,,,,,,,,,,,,,,,,,,,,,,,,,,,,,,,,,,,,,,,,,,,,,,,,,,,,,,,,,,,,,,,,,,,,,,,,,,,,,,,,,,,,,,,,,,,,,,,,,,,,,,,,,,,,,,,,,,,,,,,,,,,,,,,,,,,,,,,,,,,,,,,,,,,,,,,,,,,,,,,,,,,,,,,,,,,,,,,,,,,,,,,,,,,,,,,,,,,,,,,,,,,,,,,
Omalizumab,OmalizumabVisit,SMILES:NA,CAS:242138-07-4,CHEMBL:CHEMBL1201589,rxcui:2058943,rxcui:2058949,rxcui:1657209,umlscui:C1329779,umlscui:C1443685,MESH:D000069444,PUBCHEM:50067183,PUBCHEM:47206967 ,PUBCHEM:46507002  ,PUBCHEM:103771317,PUBCHEM:135293034 ,PUBCHEM:178103472,PUBCHEM:329976992,PUBCHEM:354355054 ,SCTID:406443008,SCTID:406442003,SCTID:409272008,,,,,,,,,,,,,,,,,,,,,,,,,,,,,,,,,,,,,,,,,,,,,,,,,,,,,,,,,,,,,,,,,,,,,,,,,,,,,,,,,,,,,,,,,,,,,,,,,,,,,,,,,,,,,,,,,,,,,,,,,,,,,,,,,,,,,,,,,,,,,,,,,,,,,,,,,,,,,,,,,,,,,,,,,,,,,,,,,,,,,,,,,,,,,,,,,,,,,,,,,,,,,,,,,,,,,,,,,,,,,,,,,,,,,,,,,,,,,,,,,,,,,,,,,,,,,,,,,,,,,,,,,,,,,,,,,,,,,,,,,,,,,,,,,,,,,,,,,,,,,,,,,,,,,,,,,,,,,,,,,,,,,,,,,,,,,,,,,,,,,,,,,,,,,,,,,,,,,,,,,,,,,,,,,,,,,,,,,,,,,,,,,,,,,
Mepolizumab,MepolizumabVisit,SMILES:NA,CAS:196078-29-2,CHEMBL:CHEMBL2108429,rxcui:1720606,rxcui:1720601,umlscui:C4058351,umlscui:C4058346,MESH:C434107,PUBCHEM:135278932  ,PUBCHEM:47206675,PUBCHEM:76206305,PUBCHEM:223366020,PUBCHEM:349977836 ,PUBCHEM:347910353  ,PUBCHEM:354355057,SCTID:716046009,,,,,,,,,,,,,,,,,,,,,,,,,,,,,,,,,,,,,,,,,,,,,,,,,,,,,,,,,,,,,,,,,,,,,,,,,,,,,,,,,,,,,,,,,,,,,,,,,,,,,,,,,,,,,,,,,,,,,,,,,,,,,,,,,,,,,,,,,,,,,,,,,,,,,,,,,,,,,,,,,,,,,,,,,,,,,,,,,,,,,,,,,,,,,,,,,,,,,,,,,,,,,,,,,,,,,,,,,,,,,,,,,,,,,,,,,,,,,,,,,,,,,,,,,,,,,,,,,,,,,,,,,,,,,,,,,,,,,,,,,,,,,,,,,,,,,,,,,,,,,,,,,,,,,,,,,,,,,,,,,,,,,,,,,,,,,,,,,,,,,,,,,,,,,,,,,,,,,,,,,,,,,,,,,,,,,,,,,,,,,,,,,,,,,,,,,
Metformin,MetforminVisit,"SMILES:
CN(C)C(=N)NC(=N)N",CAS:657-24-9,CHEMBL2348410,CHEMBL2348413,CHEMBL2348412,CHEMBL1431,CHEMBL1187231,CHEMBL2108299,MESH:D008687,PUBCHEM:4091,rxcui:1992685,rxcui:1992693,rxcui:1992698,rxcui:1992701,rxcui:1862685,rxcui:1862691,rxcui:1862695,rxcui:1862700,rxcui:1043563,rxcui:1043570,rxcui:1043578,rxcui:860975,rxcui:860981,rxcui:861004,rxcui:861007,rxcui:861010,rxcui:861021,rxcui:861025,rxcui:861731,rxcui:861736,rxcui:861740,rxcui:861743,rxcui:861748,rxcui:861753,rxcui:861760,rxcui:861763,rxcui:861769,rxcui:861783,rxcui:861787,rxcui:861790,rxcui:861795,rxcui:861806,rxcui:861816,rxcui:861819,rxcui:861822,rxcui:899989,rxcui:899996,rxcui:1368385,rxcui:1368392,rxcui:1545150,rxcui:1545157,rxcui:1545161,rxcui:1545164,rxcui:1593058,rxcui:1593068,rxcui:1593070,rxcui:1593072,rxcui:1664315,rxcui:1664323,rxcui:1664326,rxcui:1665367,rxcui:1796089,rxcui:1796094,rxcui:1807888,rxcui:1807894,rxcui:1807915,rxcui:1807917,rxcui:1810997,rxcui:1811002,rxcui:1811006,rxcui:1811010,rxcui:1243020,rxcui:1243027,rxcui:1243034,rxcui:1243827,rxcui:1243842,rxcui:1243846,rxcui:1940496,umlscui:C4535600,umlscui:C4535608,umlscui:C4535612,umlscui:C4535615,umlscui:C4300851,umlscui:C4300857,umlscui:C4300861,umlscui:C4300866,umlscui:C2948201,umlscui:C2948208,umlscui:C2948215,umlscui:C0978484,umlscui:C1329024,umlscui:C0978482,umlscui:C0978483,umlscui:C0978485,umlscui:C1443753,umlscui:C1329173,umlscui:C1168839,umlscui:C1168837,umlscui:C1168838,umlscui:C0977187,umlscui:C0977189,umlscui:C0977192,umlscui:C1329120,umlscui:C1329121,umlscui:C1876536,umlscui:C1612317,umlscui:C2356104,umlscui:C2356105,umlscui:C1168832,umlscui:C1168833,umlscui:C1165145,umlscui:C1876537,umlscui:C1615632,umlscui:C2732708,umlscui:C2733400,umlscui:C3534995,umlscui:C3534994,umlscui:C3848734,umlscui:C3848733,umlscui:C3848732,umlscui:C3848731,umlscui:C3859442,umlscui:C3859451,umlscui:C3859453,umlscui:C3859455,umlscui:C4050749,umlscui:C4050757,umlscui:C4050759,umlscui:C4051104,umlscui:C4256513,umlscui:C4256512,umlscui:C4282270,umlscui:C4282269,umlscui:C4282268,umlscui:C4281893,umlscui:C4290617,umlscui:C4290616,umlscui:C4290615,umlscui:C4290614,umlscui:C3264600,umlscui:C3264607,umlscui:C3264614,umlscui:C3264970,umlscui:C3264980,umlscui:C3264984,umlscui:C4519487,SCTID:372567009,SCTID:734558009,SCTID:109083009,SCTID:325278007,SCTID:325279004,SCTID:409366006,SCTID:376701008,SCTID:409189007,SCTID:441071009,SCTID:441011003,SCTID:409188004,SCTID:426046000,SCTID:409187009,SCTID:409122001,SCTID:409121008,SCTID:419873003,SCTID:425651000,SCTID:409123006,SCTID:419575000,SCTID:409125004,SCTID:409124000,SCTID:409365005,SCTID:409363003,SCTID:409364009,SCTID:109081006,SCTID:398793002,SCTID:438340003,SCTID:427522005,SCTID:418835009,SCTID:325271001,SCTID:409120009,SCTID:409362008,SCTID:714599005,SCTID:715703007,SCTID:714780003,SCTID:715702002,SCTID:714779001,SCTID:714686000,SCTID:448801000,SCTID:411533003,SCTID:386047000,SCTID:409361001,SCTID:443206001,SCTID:443109002,SCTID:409197000,SCTID:448832004,SCTID:448833009,SCTID:448802007,,,,,,,,,,,,,,,,,,,,,,,,,,,,,,,,,,,,,,,,,,,,,,,,,,,,,,,,,,,,,,,,,,,,,,,,,,,,,,,,,,,,,,,,,,,,,,,,,,,,,,,,,,,,,,,,,,,,,,,,,,,,,,,,,,,,,,,,,,,,,,,,,,,,,,,,,,,,,,,,,,,,,,,,,,,,,,,,,,,,,,,,,,,,,,,,,,,,,,,,,,,,,,,,,,,,,,,
,WBC_FirstValue,LOINC:26464-8 ,LOINC:6690-2,NCIT:C12529,umlscui:C0023516,SCTID:52501007,SCTID:365630000,,,,,,,,,,,,,,,,,,,,,,,,,,,,,,,,,,,,,,,,,,,,,,,,,,,,,,,,,,,,,,,,,,,,,,,,,,,,,,,,,,,,,,,,,,,,,,,,,,,,,,,,,,,,,,,,,,,,,,,,,,,,,,,,,,,,,,,,,,,,,,,,,,,,,,,,,,,,,,,,,,,,,,,,,,,,,,,,,,,,,,,,,,,,,,,,,,,,,,,,,,,,,,,,,,,,,,,,,,,,,,,,,,,,,,,,,,,,,,,,,,,,,,,,,,,,,,,,,,,,,,,,,,,,,,,,,,,,,,,,,,,,,,,,,,,,,,,,,,,,,,,,,,,,,,,,,,,,,,,,,,,,,,,,,,,,,,,,,,,,,,,,,,,,,,,,,,,,,,,,,,,,,,,,,,,,,,,,,,,,,,,,,,,,,,,,,,,,,,,,,,,
,WBC_FirstFlag,LOINC:26464-8 ,LOINC:6690-2,NCIT:C12529,umlscui:C0023516,SCTID:165509000,,,,,,,,,,,,,,,,,,,,,,,,,,,,,,,,,,,,,,,,,,,,,,,,,,,,,,,,,,,,,,,,,,,,,,,,,,,,,,,,,,,,,,,,,,,,,,,,,,,,,,,,,,,,,,,,,,,,,,,,,,,,,,,,,,,,,,,,,,,,,,,,,,,,,,,,,,,,,,,,,,,,,,,,,,,,,,,,,,,,,,,,,,,,,,,,,,,,,,,,,,,,,,,,,,,,,,,,,,,,,,,,,,,,,,,,,,,,,,,,,,,,,,,,,,,,,,,,,,,,,,,,,,,,,,,,,,,,,,,,,,,,,,,,,,,,,,,,,,,,,,,,,,,,,,,,,,,,,,,,,,,,,,,,,,,,,,,,,,,,,,,,,,,,,,,,,,,,,,,,,,,,,,,,,,,,,,,,,,,,,,,,,,,,,,,,,,,,,,,,,,,,
,WBC_LastValue,LOINC:26464-8 ,LOINC:6690-2,NCIT:C12529,umlscui:C0023516,SCTID:52501007,SCTID:365630000,,,,,,,,,,,,,,,,,,,,,,,,,,,,,,,,,,,,,,,,,,,,,,,,,,,,,,,,,,,,,,,,,,,,,,,,,,,,,,,,,,,,,,,,,,,,,,,,,,,,,,,,,,,,,,,,,,,,,,,,,,,,,,,,,,,,,,,,,,,,,,,,,,,,,,,,,,,,,,,,,,,,,,,,,,,,,,,,,,,,,,,,,,,,,,,,,,,,,,,,,,,,,,,,,,,,,,,,,,,,,,,,,,,,,,,,,,,,,,,,,,,,,,,,,,,,,,,,,,,,,,,,,,,,,,,,,,,,,,,,,,,,,,,,,,,,,,,,,,,,,,,,,,,,,,,,,,,,,,,,,,,,,,,,,,,,,,,,,,,,,,,,,,,,,,,,,,,,,,,,,,,,,,,,,,,,,,,,,,,,,,,,,,,,,,,,,,,,,,,,,,,
,WBC_LastFlag,LOINC:26464-8 ,LOINC:6690-2,NCIT:C12529,umlscui:C0023516,SCTID:165509000,,,,,,,,,,,,,,,,,,,,,,,,,,,,,,,,,,,,,,,,,,,,,,,,,,,,,,,,,,,,,,,,,,,,,,,,,,,,,,,,,,,,,,,,,,,,,,,,,,,,,,,,,,,,,,,,,,,,,,,,,,,,,,,,,,,,,,,,,,,,,,,,,,,,,,,,,,,,,,,,,,,,,,,,,,,,,,,,,,,,,,,,,,,,,,,,,,,,,,,,,,,,,,,,,,,,,,,,,,,,,,,,,,,,,,,,,,,,,,,,,,,,,,,,,,,,,,,,,,,,,,,,,,,,,,,,,,,,,,,,,,,,,,,,,,,,,,,,,,,,,,,,,,,,,,,,,,,,,,,,,,,,,,,,,,,,,,,,,,,,,,,,,,,,,,,,,,,,,,,,,,,,,,,,,,,,,,,,,,,,,,,,,,,,,,,,,,,,,,,,,,,,
,HCT_FirstValue,LOINC:24360-0 ,LOINC:20570-8,LOINC:4544-3 ,NCIT:C64796,umlscui:C0018935,SCTID:365616005,,,,,,,,,,,,,,,,,,,,,,,,,,,,,,,,,,,,,,,,,,,,,,,,,,,,,,,,,,,,,,,,,,,,,,,,,,,,,,,,,,,,,,,,,,,,,,,,,,,,,,,,,,,,,,,,,,,,,,,,,,,,,,,,,,,,,,,,,,,,,,,,,,,,,,,,,,,,,,,,,,,,,,,,,,,,,,,,,,,,,,,,,,,,,,,,,,,,,,,,,,,,,,,,,,,,,,,,,,,,,,,,,,,,,,,,,,,,,,,,,,,,,,,,,,,,,,,,,,,,,,,,,,,,,,,,,,,,,,,,,,,,,,,,,,,,,,,,,,,,,,,,,,,,,,,,,,,,,,,,,,,,,,,,,,,,,,,,,,,,,,,,,,,,,,,,,,,,,,,,,,,,,,,,,,,,,,,,,,,,,,,,,,,,,,,,,,,,,,,,,,,
,HCT_FirstFlag,LOINC:24360-0 ,LOINC:20570-8,LOINC:4544-3 ,NCIT:C64796,umlscui:C0018935,SCTID:165416002,,,,,,,,,,,,,,,,,,,,,,,,,,,,,,,,,,,,,,,,,,,,,,,,,,,,,,,,,,,,,,,,,,,,,,,,,,,,,,,,,,,,,,,,,,,,,,,,,,,,,,,,,,,,,,,,,,,,,,,,,,,,,,,,,,,,,,,,,,,,,,,,,,,,,,,,,,,,,,,,,,,,,,,,,,,,,,,,,,,,,,,,,,,,,,,,,,,,,,,,,,,,,,,,,,,,,,,,,,,,,,,,,,,,,,,,,,,,,,,,,,,,,,,,,,,,,,,,,,,,,,,,,,,,,,,,,,,,,,,,,,,,,,,,,,,,,,,,,,,,,,,,,,,,,,,,,,,,,,,,,,,,,,,,,,,,,,,,,,,,,,,,,,,,,,,,,,,,,,,,,,,,,,,,,,,,,,,,,,,,,,,,,,,,,,,,,,,,,,,,,,,
,HCT_LastValue,LOINC:24360-0 ,LOINC:20570-8,LOINC:4544-3 ,NCIT:C64796,umlscui:C0018935,SCTID:365616005,,,,,,,,,,,,,,,,,,,,,,,,,,,,,,,,,,,,,,,,,,,,,,,,,,,,,,,,,,,,,,,,,,,,,,,,,,,,,,,,,,,,,,,,,,,,,,,,,,,,,,,,,,,,,,,,,,,,,,,,,,,,,,,,,,,,,,,,,,,,,,,,,,,,,,,,,,,,,,,,,,,,,,,,,,,,,,,,,,,,,,,,,,,,,,,,,,,,,,,,,,,,,,,,,,,,,,,,,,,,,,,,,,,,,,,,,,,,,,,,,,,,,,,,,,,,,,,,,,,,,,,,,,,,,,,,,,,,,,,,,,,,,,,,,,,,,,,,,,,,,,,,,,,,,,,,,,,,,,,,,,,,,,,,,,,,,,,,,,,,,,,,,,,,,,,,,,,,,,,,,,,,,,,,,,,,,,,,,,,,,,,,,,,,,,,,,,,,,,,,,,,
,HCT_LastFlag,LOINC:24360-0 ,LOINC:20570-8,LOINC:4544-3 ,NCIT:C64796,umlscui:C0018935,SCTID:165416002,,,,,,,,,,,,,,,,,,,,,,,,,,,,,,,,,,,,,,,,,,,,,,,,,,,,,,,,,,,,,,,,,,,,,,,,,,,,,,,,,,,,,,,,,,,,,,,,,,,,,,,,,,,,,,,,,,,,,,,,,,,,,,,,,,,,,,,,,,,,,,,,,,,,,,,,,,,,,,,,,,,,,,,,,,,,,,,,,,,,,,,,,,,,,,,,,,,,,,,,,,,,,,,,,,,,,,,,,,,,,,,,,,,,,,,,,,,,,,,,,,,,,,,,,,,,,,,,,,,,,,,,,,,,,,,,,,,,,,,,,,,,,,,,,,,,,,,,,,,,,,,,,,,,,,,,,,,,,,,,,,,,,,,,,,,,,,,,,,,,,,,,,,,,,,,,,,,,,,,,,,,,,,,,,,,,,,,,,,,,,,,,,,,,,,,,,,,,,,,,,,,
,PLT_FirstValue,LOINC:26515-7 ,LOINC:7773,NCIT:C12520,umlscui:C0005821,SCTID:365632008,,,,,,,,,,,,,,,,,,,,,,,,,,,,,,,,,,,,,,,,,,,,,,,,,,,,,,,,,,,,,,,,,,,,,,,,,,,,,,,,,,,,,,,,,,,,,,,,,,,,,,,,,,,,,,,,,,,,,,,,,,,,,,,,,,,,,,,,,,,,,,,,,,,,,,,,,,,,,,,,,,,,,,,,,,,,,,,,,,,,,,,,,,,,,,,,,,,,,,,,,,,,,,,,,,,,,,,,,,,,,,,,,,,,,,,,,,,,,,,,,,,,,,,,,,,,,,,,,,,,,,,,,,,,,,,,,,,,,,,,,,,,,,,,,,,,,,,,,,,,,,,,,,,,,,,,,,,,,,,,,,,,,,,,,,,,,,,,,,,,,,,,,,,,,,,,,,,,,,,,,,,,,,,,,,,,,,,,,,,,,,,,,,,,,,,,,,,,,,,,,,,,
,PLT_FirstFlag,LOINC:26515-7 ,LOINC:7773,NCIT:C12520,umlscui:C0005821,SCTID:165558001,,,,,,,,,,,,,,,,,,,,,,,,,,,,,,,,,,,,,,,,,,,,,,,,,,,,,,,,,,,,,,,,,,,,,,,,,,,,,,,,,,,,,,,,,,,,,,,,,,,,,,,,,,,,,,,,,,,,,,,,,,,,,,,,,,,,,,,,,,,,,,,,,,,,,,,,,,,,,,,,,,,,,,,,,,,,,,,,,,,,,,,,,,,,,,,,,,,,,,,,,,,,,,,,,,,,,,,,,,,,,,,,,,,,,,,,,,,,,,,,,,,,,,,,,,,,,,,,,,,,,,,,,,,,,,,,,,,,,,,,,,,,,,,,,,,,,,,,,,,,,,,,,,,,,,,,,,,,,,,,,,,,,,,,,,,,,,,,,,,,,,,,,,,,,,,,,,,,,,,,,,,,,,,,,,,,,,,,,,,,,,,,,,,,,,,,,,,,,,,,,,,,
,PLT_LastValue,LOINC:26515-7 ,LOINC:7773,NCIT:C12520,umlscui:C0005821,SCTID:365632008,,,,,,,,,,,,,,,,,,,,,,,,,,,,,,,,,,,,,,,,,,,,,,,,,,,,,,,,,,,,,,,,,,,,,,,,,,,,,,,,,,,,,,,,,,,,,,,,,,,,,,,,,,,,,,,,,,,,,,,,,,,,,,,,,,,,,,,,,,,,,,,,,,,,,,,,,,,,,,,,,,,,,,,,,,,,,,,,,,,,,,,,,,,,,,,,,,,,,,,,,,,,,,,,,,,,,,,,,,,,,,,,,,,,,,,,,,,,,,,,,,,,,,,,,,,,,,,,,,,,,,,,,,,,,,,,,,,,,,,,,,,,,,,,,,,,,,,,,,,,,,,,,,,,,,,,,,,,,,,,,,,,,,,,,,,,,,,,,,,,,,,,,,,,,,,,,,,,,,,,,,,,,,,,,,,,,,,,,,,,,,,,,,,,,,,,,,,,,,,,,,,,
,PLT_LastFlag,LOINC:26515-7 ,LOINC:7773,NCIT:C12520,umlscui:C0005821,SCTID:165558001,,,,,,,,,,,,,,,,,,,,,,,,,,,,,,,,,,,,,,,,,,,,,,,,,,,,,,,,,,,,,,,,,,,,,,,,,,,,,,,,,,,,,,,,,,,,,,,,,,,,,,,,,,,,,,,,,,,,,,,,,,,,,,,,,,,,,,,,,,,,,,,,,,,,,,,,,,,,,,,,,,,,,,,,,,,,,,,,,,,,,,,,,,,,,,,,,,,,,,,,,,,,,,,,,,,,,,,,,,,,,,,,,,,,,,,,,,,,,,,,,,,,,,,,,,,,,,,,,,,,,,,,,,,,,,,,,,,,,,,,,,,,,,,,,,,,,,,,,,,,,,,,,,,,,,,,,,,,,,,,,,,,,,,,,,,,,,,,,,,,,,,,,,,,,,,,,,,,,,,,,,,,,,,,,,,,,,,,,,,,,,,,,,,,,,,,,,,,,,,,,,,,
,FEV1_FirstValue,LOINC:52485-0 , LOINC:20150-9  ,NCIT:C120933,umlscui:C0016529,SCTID:59328004,,,,,,,,,,,,,,,,,,,,,,,,,,,,,,,,,,,,,,,,,,,,,,,,,,,,,,,,,,,,,,,,,,,,,,,,,,,,,,,,,,,,,,,,,,,,,,,,,,,,,,,,,,,,,,,,,,,,,,,,,,,,,,,,,,,,,,,,,,,,,,,,,,,,,,,,,,,,,,,,,,,,,,,,,,,,,,,,,,,,,,,,,,,,,,,,,,,,,,,,,,,,,,,,,,,,,,,,,,,,,,,,,,,,,,,,,,,,,,,,,,,,,,,,,,,,,,,,,,,,,,,,,,,,,,,,,,,,,,,,,,,,,,,,,,,,,,,,,,,,,,,,,,,,,,,,,,,,,,,,,,,,,,,,,,,,,,,,,,,,,,,,,,,,,,,,,,,,,,,,,,,,,,,,,,,,,,,,,,,,,,,,,,,,,,,,,,,,,,,,,,,,
,FVC_FirstValue,LOINC:52485-0 ,LOINC:19870-5,NCIT:C111361,umlscui:C3714541,SCTID:50834005,,,,,,,,,,,,,,,,,,,,,,,,,,,,,,,,,,,,,,,,,,,,,,,,,,,,,,,,,,,,,,,,,,,,,,,,,,,,,,,,,,,,,,,,,,,,,,,,,,,,,,,,,,,,,,,,,,,,,,,,,,,,,,,,,,,,,,,,,,,,,,,,,,,,,,,,,,,,,,,,,,,,,,,,,,,,,,,,,,,,,,,,,,,,,,,,,,,,,,,,,,,,,,,,,,,,,,,,,,,,,,,,,,,,,,,,,,,,,,,,,,,,,,,,,,,,,,,,,,,,,,,,,,,,,,,,,,,,,,,,,,,,,,,,,,,,,,,,,,,,,,,,,,,,,,,,,,,,,,,,,,,,,,,,,,,,,,,,,,,,,,,,,,,,,,,,,,,,,,,,,,,,,,,,,,,,,,,,,,,,,,,,,,,,,,,,,,,,,,,,,,,,
,FEV1FVC_FirstFraction,LOINC:52485-0 ,LOINC:19926-5,NCIT: C38084,umlscui:C0849974,SCTID:165043001,SCTID:251944000,SCTID:313222007,,,,,,,,,,,,,,,,,,,,,,,,,,,,,,,,,,,,,,,,,,,,,,,,,,,,,,,,,,,,,,,,,,,,,,,,,,,,,,,,,,,,,,,,,,,,,,,,,,,,,,,,,,,,,,,,,,,,,,,,,,,,,,,,,,,,,,,,,,,,,,,,,,,,,,,,,,,,,,,,,,,,,,,,,,,,,,,,,,,,,,,,,,,,,,,,,,,,,,,,,,,,,,,,,,,,,,,,,,,,,,,,,,,,,,,,,,,,,,,,,,,,,,,,,,,,,,,,,,,,,,,,,,,,,,,,,,,,,,,,,,,,,,,,,,,,,,,,,,,,,,,,,,,,,,,,,,,,,,,,,,,,,,,,,,,,,,,,,,,,,,,,,,,,,,,,,,,,,,,,,,,,,,,,,,,,,,,,,,,,,,,,,,,,,,,,,,,,,,,,,,
,FEV1FVC_FirstFlag,LOINC:52485-0 ,LOINC:19926-5,NCIT: C38084,umlscui:C0849974,SCTID:165044007,,,,,,,,,,,,,,,,,,,,,,,,,,,,,,,,,,,,,,,,,,,,,,,,,,,,,,,,,,,,,,,,,,,,,,,,,,,,,,,,,,,,,,,,,,,,,,,,,,,,,,,,,,,,,,,,,,,,,,,,,,,,,,,,,,,,,,,,,,,,,,,,,,,,,,,,,,,,,,,,,,,,,,,,,,,,,,,,,,,,,,,,,,,,,,,,,,,,,,,,,,,,,,,,,,,,,,,,,,,,,,,,,,,,,,,,,,,,,,,,,,,,,,,,,,,,,,,,,,,,,,,,,,,,,,,,,,,,,,,,,,,,,,,,,,,,,,,,,,,,,,,,,,,,,,,,,,,,,,,,,,,,,,,,,,,,,,,,,,,,,,,,,,,,,,,,,,,,,,,,,,,,,,,,,,,,,,,,,,,,,,,,,,,,,,,,,,,,,,,,,,,,
,FEV1_LastValue,LOINC:52485-0 , LOINC:20150-9  ,NCIT:C120933,umlscui:C0016529,SCTID:59328004,,,,,,,,,,,,,,,,,,,,,,,,,,,,,,,,,,,,,,,,,,,,,,,,,,,,,,,,,,,,,,,,,,,,,,,,,,,,,,,,,,,,,,,,,,,,,,,,,,,,,,,,,,,,,,,,,,,,,,,,,,,,,,,,,,,,,,,,,,,,,,,,,,,,,,,,,,,,,,,,,,,,,,,,,,,,,,,,,,,,,,,,,,,,,,,,,,,,,,,,,,,,,,,,,,,,,,,,,,,,,,,,,,,,,,,,,,,,,,,,,,,,,,,,,,,,,,,,,,,,,,,,,,,,,,,,,,,,,,,,,,,,,,,,,,,,,,,,,,,,,,,,,,,,,,,,,,,,,,,,,,,,,,,,,,,,,,,,,,,,,,,,,,,,,,,,,,,,,,,,,,,,,,,,,,,,,,,,,,,,,,,,,,,,,,,,,,,,,,,,,,,,
,FVC_LastValue,LOINC:52485-0 ,LOINC:19870-5,NCIT:C111361,umlscui:C3714541,SCTID:50834005,,,,,,,,,,,,,,,,,,,,,,,,,,,,,,,,,,,,,,,,,,,,,,,,,,,,,,,,,,,,,,,,,,,,,,,,,,,,,,,,,,,,,,,,,,,,,,,,,,,,,,,,,,,,,,,,,,,,,,,,,,,,,,,,,,,,,,,,,,,,,,,,,,,,,,,,,,,,,,,,,,,,,,,,,,,,,,,,,,,,,,,,,,,,,,,,,,,,,,,,,,,,,,,,,,,,,,,,,,,,,,,,,,,,,,,,,,,,,,,,,,,,,,,,,,,,,,,,,,,,,,,,,,,,,,,,,,,,,,,,,,,,,,,,,,,,,,,,,,,,,,,,,,,,,,,,,,,,,,,,,,,,,,,,,,,,,,,,,,,,,,,,,,,,,,,,,,,,,,,,,,,,,,,,,,,,,,,,,,,,,,,,,,,,,,,,,,,,,,,,,,,,
,FEV1FVC_LastFraction,LOINC:52485-0 ,LOINC:19926-5,NCIT: C38084,umlscui:C0849974,SCTID:165043001,SCTID:251944000,SCTID:313222007,,,,,,,,,,,,,,,,,,,,,,,,,,,,,,,,,,,,,,,,,,,,,,,,,,,,,,,,,,,,,,,,,,,,,,,,,,,,,,,,,,,,,,,,,,,,,,,,,,,,,,,,,,,,,,,,,,,,,,,,,,,,,,,,,,,,,,,,,,,,,,,,,,,,,,,,,,,,,,,,,,,,,,,,,,,,,,,,,,,,,,,,,,,,,,,,,,,,,,,,,,,,,,,,,,,,,,,,,,,,,,,,,,,,,,,,,,,,,,,,,,,,,,,,,,,,,,,,,,,,,,,,,,,,,,,,,,,,,,,,,,,,,,,,,,,,,,,,,,,,,,,,,,,,,,,,,,,,,,,,,,,,,,,,,,,,,,,,,,,,,,,,,,,,,,,,,,,,,,,,,,,,,,,,,,,,,,,,,,,,,,,,,,,,,,,,,,,,,,,,,,
,FEV1FVC_LastFlag,LOINC:52485-0 ,LOINC:19926-5,NCIT: C38084,umlscui:C0849974,SCTID:165044007,,,,,,,,,,,,,,,,,,,,,,,,,,,,,,,,,,,,,,,,,,,,,,,,,,,,,,,,,,,,,,,,,,,,,,,,,,,,,,,,,,,,,,,,,,,,,,,,,,,,,,,,,,,,,,,,,,,,,,,,,,,,,,,,,,,,,,,,,,,,,,,,,,,,,,,,,,,,,,,,,,,,,,,,,,,,,,,,,,,,,,,,,,,,,,,,,,,,,,,,,,,,,,,,,,,,,,,,,,,,,,,,,,,,,,,,,,,,,,,,,,,,,,,,,,,,,,,,,,,,,,,,,,,,,,,,,,,,,,,,,,,,,,,,,,,,,,,,,,,,,,,,,,,,,,,,,,,,,,,,,,,,,,,,,,,,,,,,,,,,,,,,,,,,,,,,,,,,,,,,,,,,,,,,,,,,,,,,,,,,,,,,,,,,,,,,,,,,,,,,,,,,
